Order_Number,Sales_Time,Shipment_Time,Delivery_Status,Cargostype,Feedback,Sales_Territory,Quantity,Consumption_sum
P096311,2016/7/30,2016/9/30,Late,Cargo3,Qualified,The_North,2,"1052,75"
P096826,2016/8/30,2016/10/30,On_Time,Cargo3,Qualified,The_North,10,"11,50w"
,2016/8/30,2016/10/30,On_Time,Cargo3,Qualified,The_North,10,"11,50w"
P097435,2016/7/30,2016/9/30,On_Time,Cargo1,Callback,The_South,2,"6858,77"
P097446,2016/11/26,2017/1/26,Late,Cargo3,Qualified,The_North,15,"129,58"
P097446,2016/11/26,2017/1/26,Late,Cargo3,Rejected,The_North,15,"32,39"
P098065,2016/7/15,2016/10/15,On_Time,Cargo2,Callback,The_East,1,"22192,97"
P098065,2016/8/10,2016/11/10,On_Time,Cargo1,Qualified,The_South,1,"25723,04"
P098823,2016/9/30,2016/11/30,On_Time,Cargo1,Rejected,The_South,2,"6934,75"
P099725,2016/8/3,2016/11/3,Late,Cargo3,Qualified,The_North,1,"1319,63"
P101535,2016/7/15,2016/10/15,On_Time,Cargo3,Callback,The_North,,"700,53"
,2016/8/22,2016/11/22,On_Time,Cargo3,Callback,The_North,4,"700,53"
P098065,2016/7/15,2016/10/15,On_Time,Cargo2,Callback,The_East,1,"22192,97"
P098065,2016/8/10,2016/11/10,On_Time,Cargo1,Qualified,The_South,1,"25723,04"
P098823,2016/9/30,2016/11/30,On_Time,Cargo1,Rejected,The_South,2,"6934,75"
P099725,2016/8/3,2016/11/3,Late,Cargo3,Qualified,The_North,1,"1319,63"
P101535,2016/7/15,2016/10/15,On_Time,Cargo3,Callback,The_North,,"700,53"
P109038,2016/12/30,2017/2/28,Late,Cargo2,Callback,Malaysia,1,"2910,61"
P109038,2016/12/30,2017/2/28,Late,Cargo2,Qualified,Malaysia,1,"2910,61"
P109736,2016/12/30,2017/2/28,On_Time,Cargo1,Rejected,The_South,1,"30718,00"
P110672,2016/7/15,2016/10/15,On_Time,Cargo1,Rejected,The_South,280,"19755,19"
P110672,2016/9/15,2016/12/15,On_Time,Cargo1,Qualified,The_South,280,"19755,19"
P111812,2016/8/25,2016/10/25,On_Time,Cargo1,Qualified,The_South,1,"17538,97"
P111812,2016/8/25,2016/10/25,On_Time,Cargo1,Rejected,The_South,1,"17538,97"
P112481,2016/9/12,2016/12/12,Late,Cargo2,Rejected,Malaysia,1,"1140,53"
P112700,2016/7/30,2016/9/30,On_Time,Cargo2,Rejected,Malaysia,2,"44,19"
P113276,2016/8/22,2016/11/22,Late,Cargo2,Rejected,Malaysia,1,"38,97"
P114322,2016/12/15,2017/3/15,Late,Cargo2,Rejected,Malaysia,1,"200,61"
P114322,2016/11/22,2017/2/22,Late,Cargo2,Rejected,Malaysia,1,"200,61"
P116102,2016/8/30,2016/10/30,On_Time,Cargo6,Qualified,Malaysia,1,"92,00"
P117997,2016/8/25,2016/10/25,Late,Cargo2,Rejected,Malaysia,1500,"4419,19"
P121154,2016/7/30,2016/9/30,On_Time,Cargo3,Qualified,The_North,1,"32,70w"
P122051,2016/7/15,2016/10/15,On_Time,Cargo6,Qualified,Malaysia,,"42,76"
P122441,2016/8/31,2016/10/31,On_Time,Cargo5,Rejected,Thailand,1,"348,74"
P122603,2016/8/31,2016/10/31,On_Time,Cargo6,Qualified,Malaysia,1,"36,71"
P122660,2016/8/31,2016/10/31,Late,Cargo2,Callback,Malaysia,1,"152,59"
P122837,2016/8/31,2016/10/31,On_Time,Cargo4,Callback,The_Northwest,1,"399,94"
P123073,2016/8/31,2016/10/31,On_Time,Cargo6,Qualified,Malaysia,4,"7,69"
P123092,2016/10/1,2016/11/30,On_Time,Cargo5,Qualified,Thailand,7,"104,90"
P123140,2016/8/31,2016/10/31,On_Time,Cargo5,Qualified,Thailand,1,"158,30"
P123314,2016/10/1,2016/11/30,On_Time,Cargo6,Qualified,Malaysia,1,"7,50"
P123487,2016/8/15,2016/11/15,On_Time,Cargo6,Qualified,Malaysia,1,"200,25"
P123511,2016/12/10,2017/3/10,Late,Cargo2,Rejected,The_East,1,"6984,25"
P114322,2016/11/22,2017/2/22,Late,Cargo2,Rejected,Malaysia,1,"200,61"
P116102,2016/8/30,2016/10/30,On_Time,Cargo6,Qualified,Malaysia,1,"92,00"
P117997,2016/8/25,2016/10/25,Late,Cargo2,Rejected,Malaysia,1500,"4419,19"
P121154,2016/7/30,2016/9/30,On_Time,Cargo3,Qualified,The_North,1,"32,70"
P122051,2016/7/15,2016/10/15,On_Time,Cargo6,Qualified,Malaysia,,"42,76"
P122441,2016/8/31,2016/10/31,,Cargo5,Rejected,Thailand,1,"348,74"
P122603,2016/8/31,2016/10/31,On_Time,Cargo6,Qualified,Malaysia,1,"36,71"
P122660,2016/8/31,2016/10/31,Late,Cargo2,Callback,Malaysia,1,"152,59"
P122837,2016/8/31,2016/10/31,On_Time,Cargo4,Callback,The_Northwest,1,"399,94"
P123073,2016/8/31,2016/10/31,On_Time,Cargo6,Qualified,Malaysia,4,"7,69"
P123092,2016/10/1,2016/11/30,On_Time,Cargo5,Qualified,Thailand,7,"104,90"
P123140,2016/8/31,2016/10/31,On_Time,Cargo5,Qualified,Thailand,1,"158,30"
P123314,2016/10/1,2016/11/30,On_Time,Cargo6,Qualified,Malaysia,1,"7,50"
P123487,2016/8/15,2016/11/15,On_Time,Cargo6,Qualified,Malaysia,1,"200,25"
P123511,2016/12/10,2017/3/10,Late,Cargo2,Rejected,The_East,1,"6984,25"
P123511,2016/10/8,2017/1/8,Late,Cargo2,Rejected,The_East,1,"6984,25"
P123639,2016/8/15,2016/11/15,,Cargo6,Qualified,Malaysia,2,"15,51"
P123703,2016/8/15,2016/11/15,On_Time,Cargo6,Qualified,Malaysia,5,"7,09"
P124553,2016/8/24,2016/11/24,On_Time,Cargo6,Qualified,Malaysia,1,"15,46"
P124855,2016/12/1,2017/1/31,On_Time,Cargo6,Qualified,Malaysia,1,"22,59"
P124940,2016/9/15,2016/12/15,On_Time,Cargo5,Qualified,Thailand,1,"205,42"
P125296,2016/9/15,2016/12/15,On_Time,Cargo6,Qualified,Malaysia,2,"31,24"
P125385,2016/10/15,2017/1/15,On_Time,Cargo6,Qualified,Malaysia,1,"44,91"
P125534,2016/10/15,2017/1/15,On_Time,Cargo5,Callback,Thailand,1,"127,29"
P125535,2016/9/15,2016/12/15,On_Time,Cargo5,Callback,Thailand,1,"109,75"
P126485,2016/10/30,2016/12/30,On_Time,Cargo5,Rejected,Thailand,1,"303,29"
P126486,2016/10/30,2016/12/30,On_Time,Cargo5,Qualified,Thailand,1,"142,36"
P126487,2016/10/30,2016/12/30,On_Time,Cargo6,Qualified,Malaysia,1,"8,45"
P126788,2016/12/30,2017/2/28,Late,Cargo1,Rejected,The_South,1,"4485,39"
P127037,2016/10/30,2016/12/30,On_Time,Cargo4,Qualified,The_Northwest,1,"440,01"
P127069,2016/10/30,2016/12/30,Late,Cargo2,Rejected,The_East,1,"102,66"
P127202,2016/10/15,2017/1/15,On_Time,Cargo5,Qualified,Thailand,1,"283,02"
P128120,2016/12/1,2017/1/31,On_Time,Cargo6,Callback,Malaysia,1,"24,98"
P128238,2016/7/30,2016/9/30,Late,Cargo2,Rejected,The_East,1,"458,29"
P128387,2016/11/30,2017/1/30,On_Time,Cargo5,Qualified,Thailand,1,"365,39"
P128643,2016/12/1,2017/1/31,On_Time,Cargo6,Callback,Malaysia,1,"90,84"
P129172,2016/8/29,2016/10/29,Late,Cargo2,Callback,The_East,2,"13733,72"
P129639,2016/11/15,2017/2/15,On_Time,Cargo6,Qualified,Malaysia,1,"18,65"
P129929,2016/12/30,2017/2/28,On_Time,Cargo6,Callback,Malaysia,1,"26,25"
P129930,2016/12/30,2017/2/28,On_Time,Cargo6,Qualified,Malaysia,1,"24,43"
P130559,2016/12/30,2017/2/28,On_Time,Cargo6,Qualified,Malaysia,1,"13,09"
P132063,2016/7/30,2016/9/30,On_Time,Cargo3,Rejected,The_North,2,"153,62"
P132063,2016/7/30,2016/9/30,On_Time,Cargo3,Rejected,The_North,2,"155,07"
P132964,2016/11/16,2017/2/16,Late,Cargo2,Rejected,The_East,1,"3599,76"
P135728,2016/8/30,2016/10/30,On_Time,Cargo3,Qualified,The_North,4,"62,96"
P135728,2016/8/30,2016/10/30,On_Time,Cargo6,Qualified,Malaysia,4,"34,89"
P135735,2016/11/30,2017/1/30,On_Time,Cargo3,Qualified,The_North,4,"62,96"
P135735,2016/11/30,2017/1/30,On_Time,Cargo6,Qualified,Malaysia,4,"34,89"
P135737,2016/8/30,2016/10/30,On_Time,Cargo3,Qualified,The_North,4,"62,96"
P135737,2016/8/30,2016/10/30,On_Time,Cargo6,Callback,Malaysia,4,"34,89"
P135951,2016/9/25,2016/11/25,On_Time,Cargo1,Qualified,The_Northwest,1,"90000,46"
P135951,2016/9/25,2016/11/25,On_Time,Cargo1,Qualified,The_South,1,"92595,22"
P137613,2016/8/31,2016/10/31,On_Time,Cargo3,Qualified,The_North,1,"75,32"
P137613,2016/8/31,2016/10/31,On_Time,Cargo3,Qualified,The_North,1,"47,58"
P138559,2016/8/30,2016/10/30,On_Time,Cargo1,Qualified,The_North,1,"13712,80"
P144800,2016/8/16,2016/11/16,Late,Cargo3,Rejected,The_North,1,"1367,02"
P144841,2016/8/24,2016/11/24,On_Time,Cargo5,Qualified,Thailand,1,"329,98"
P146012,2016/10/17,2017/1/17,Late,Cargo2,Rejected,The_East,1,"19283,90"
P146166,2016/7/30,2016/9/30,Late,Cargo2,Rejected,The_East,1,"557,17"
P150740,2016/7/30,2016/9/30,On_Time,Cargo4,Qualified,The_Northwest,2,"351,52"
P150740,2016/7/30,2016/9/30,Late,Cargo4,Qualified,The_Northwest,2,"371,15"
P152820,2016/7/30,2016/9/30,On_Time,Cargo3,Qualified,The_North,40,"34,07"
P152820,2016/7/30,2016/9/30,On_Time,Cargo3,Callback,The_North,40,"34,07"
P153464,2016/11/30,2017/1/30,On_Time,Cargo6,Qualified,Malaysia,1,"683,68"
P153464,2016/11/30,2017/1/30,On_Time,Cargo6,Qualified,Malaysia,1,"683,68"
P155360,2016/11/7,2017/2/7,Late,Cargo2,Rejected,The_East,1,"2978,48"
P155360,2016/10/1,2016/11/30,Late,Cargo2,Rejected,The_East,1,"0,00"
P155427,2016/8/12,2016/11/12,Late,Cargo2,Rejected,The_East,1,"154,06"
P155700,2016/7/30,2016/9/30,On_Time,Cargo6,Callback,Malaysia,2,"200,79"
P158480,2016/7/20,2016/10/20,On_Time,Cargo3,Qualified,The_North,80,"151,98"
P158480,2016/7/20,2016/10/20,On_Time,Cargo3,Qualified,The_North,96,"77,10"
P159946,2016/8/15,2016/11/15,Late,Cargo2,Callback,The_East,21,"2219,87"
P159952,2016/9/30,2016/11/30,Late,Cargo2,Rejected,The_East,21,"357,52"
P161989,2016/8/15,2016/11/15,Late,Cargo3,Qualified,The_North,6,"3034,66"
P162144,2016/9/12,2016/12/12,Late,Cargo2,Rejected,The_East,1500,"4135,11"
P163341,2016/8/30,2016/10/30,Late,Cargo2,Qualified,The_East,1,"2,22"
P163341,2016/8/30,2016/10/30,On_Time,Cargo6,Callback,Malaysia,1,"1,38"
P163365,2016/7/20,2016/10/20,On_Time,Cargo3,Rejected,The_North,2,"21,00"
P164647,2016/7/15,2016/10/15,On_Time,Cargo3,Callback,The_North,1,"3488,41"
P165493,2016/7/30,2016/9/30,On_Time,Cargo3,Callback,The_North,2,"7,15"
P165641,2016/8/25,2016/10/25,On_Time,Cargo6,Qualified,Malaysia,24,"14,85"
P165641,2016/8/25,2016/10/25,On_Time,Cargo6,Callback,Malaysia,24,"14,85"
P165673,2016/7/30,2016/9/30,On_Time,Cargo2,Callback,The_East,1,"268,59"
P165673,2016/7/30,2016/9/30,On_Time,Cargo2,Qualified,The_East,1,"109,76"
P165692,2016/7/15,2016/10/15,On_Time,Cargo6,Qualified,Malaysia,6,"548,58"
P165692,2016/7/15,2016/10/15,On_Time,Cargo6,Qualified,Malaysia,6,"548,58"
P166323,2016/7/29,2016/9/29,On_Time,Cargo3,Callback,The_North,4,"790,73"
P167201,2016/7/30,2016/9/30,On_Time,Cargo6,Callback,Malaysia,1,"11,84"
P167388,2016/7/30,2016/9/30,Late,Cargo4,Qualified,The_Northwest,2,"763,17"
P167411,2016/7/20,2016/10/20,On_Time,Cargo2,Qualified,The_East,1,"423,36"
P167411,2016/7/20,2016/10/20,On_Time,Cargo2,Callback,The_East,1,"423,36"
P167417,2016/7/20,2016/10/20,On_Time,Cargo2,Qualified,The_East,1,"423,36"
P167417,2016/7/20,2016/10/20,On_Time,Cargo2,Qualified,The_East,1,"423,36"
P167981,2016/8/10,2016/11/10,Late,Cargo2,Qualified,The_East,1,"545,98"
P171760,2016/8/29,2016/10/29,On_Time,Cargo3,Qualified,The_North,2,"924,65"
P171890,2016/8/22,2016/11/22,On_Time,Cargo3,Rejected,The_North,1,"2628,66"
P173979,2016/7/20,2016/10/20,On_Time,Cargo3,Rejected,The_North,2,"94,67"
P174082,2016/7/30,2016/9/30,On_Time,Cargo6,Callback,Malaysia,2,"23,67"
P174127,2016/7/30,2016/9/30,On_Time,Cargo3,Qualified,The_North,1,"747,37"
P175427,2016/12/30,2017/2/28,On_Time,Cargo2,Rejected,The_East,288,"210,62"
P175427,2016/12/30,2017/2/28,On_Time,Cargo2,Rejected,The_East,288,"210,62"
P175433,2016/7/30,2016/9/30,On_Time,Cargo3,Qualified,The_North,1,"1741,40"
P175447,2016/9/15,2016/12/15,On_Time,Cargo2,Qualified,The_East,1,"460,09"
P175451,2016/8/15,2016/11/15,Late,Cargo4,Callback,The_Northwest,1,"737,45"
P175498,2016/8/15,2016/11/15,On_Time,Cargo5,Callback,Thailand,1,"191,87"
P175591,2016/10/1,2016/11/30,On_Time,Cargo2,Rejected,The_East,2,"26,29"
P176334,2016/7/15,2016/10/15,On_Time,Cargo6,Callback,Malaysia,84,"543,49"
P176334,2016/7/15,2016/10/15,On_Time,Cargo6,Qualified,Malaysia,84,"543,49"
P177109,2016/7/30,2016/9/30,On_Time,Cargo5,Qualified,Thailand,1,"114,96"
P177282,2016/7/20,2016/10/20,On_Time,Cargo3,Qualified,The_North,1,"236,16"
P178157,2016/7/30,2016/9/30,On_Time,Cargo2,Rejected,The_East,1,"749,84"
P178157,2016/7/30,2016/9/30,On_Time,Cargo2,Callback,The_East,1,"749,84"
P178212,2016/7/30,2016/9/30,On_Time,Cargo5,Qualified,Thailand,1,"85,60"
P178212,2016/7/30,2016/9/30,On_Time,Cargo5,Qualified,Thailand,1,"85,60"
P178341,2016/8/31,2016/10/31,On_Time,Cargo3,Qualified,The_North,1,"3285,04"
P178343,2016/8/12,2016/11/12,On_Time,Cargo1,Qualified,The_North,1,"10446,44"
P178381,2016/7/15,2016/10/15,On_Time,Cargo6,Callback,Malaysia,1,"42,64"
P178437,2016/7/12,2016/10/12,Late,Cargo2,Callback,The_East,1,"6832,89"
P180516,2016/7/20,2016/10/20,On_Time,Cargo2,Rejected,The_East,2,"1,38"
P181098,2016/7/30,2016/9/30,On_Time,Cargo2,Rejected,The_East,2,"2,77"
P181098,2016/7/30,2016/9/30,On_Time,Cargo2,Rejected,The_East,2,"2,77"
P181184,2016/8/30,2016/10/30,On_Time,Cargo6,Qualified,Malaysia,28,"9,17"
P181184,2016/8/30,2016/10/30,On_Time,Cargo6,Qualified,Malaysia,28,"9,17"
P181233,2016/7/30,2016/9/30,On_Time,Cargo2,Rejected,The_East,1,"287,49"
P181846,2016/10/1,2016/11/30,On_Time,Cargo1,Callback,The_North,1,"6769,22"
P181907,2016/7/30,2016/9/30,On_Time,Cargo6,Callback,Malaysia,1,"36,67"
P181953,2016/7/30,2016/9/30,On_Time,Cargo5,Rejected,Thailand,60,"124,11"
P181988,2016/7/30,2016/9/30,On_Time,Cargo3,Qualified,The_North,12,"59,72"
P181988,2016/7/30,2016/9/30,On_Time,Cargo3,Qualified,The_North,2,"5,24"
P182017,2016/7/15,2016/10/15,On_Time,Cargo4,Callback,The_Northwest,1,"759,55"
P182776,2016/7/30,2016/9/30,On_Time,Cargo3,Qualified,The_North,1,"65,39"
P182781,2016/7/30,2016/9/30,On_Time,Cargo5,Qualified,Thailand,8,"77,12"
P182781,2016/7/30,2016/9/30,On_Time,Cargo5,Callback,Thailand,1,"23,54"
P182817,2016/7/30,2016/9/30,On_Time,Cargo4,Callback,The_Northwest,4,"501,85"
P182850,2016/10/1,2016/11/30,On_Time,Cargo2,Rejected,The_East,6,"114,80"
P182916,2016/7/30,2016/9/30,On_Time,Cargo5,Qualified,Thailand,1,"392,14"
P183648,2016/11/30,2017/1/30,On_Time,Cargo2,Rejected,The_East,2,"1,57"
P183648,2016/11/30,2017/1/30,On_Time,Cargo2,Callback,The_East,2,"104,42"
P183742,2016/7/15,2016/10/15,On_Time,Cargo2,Callback,The_East,1,"3818,00"
P183790,2016/7/30,2016/9/30,On_Time,Cargo5,Qualified,Thailand,1,"46,82"
P183790,2016/7/30,2016/9/30,On_Time,Cargo5,Qualified,Thailand,3,"63,41"
P183956,2016/8/15,2016/11/15,On_Time,Cargo6,Qualified,Malaysia,1,"1141,36"
P184524,2016/7/15,2016/10/15,On_Time,Cargo2,Callback,The_East,1,"87,03"
P184529,2016/8/15,2016/11/15,On_Time,Cargo5,Rejected,Thailand,108,"140,21"
P184529,2016/8/15,2016/11/15,On_Time,Cargo5,Callback,Thailand,108,"140,21"
P184532,2016/8/15,2016/11/15,On_Time,Cargo2,Callback,The_East,24,"311,57"
P184532,2016/8/15,2016/11/15,On_Time,Cargo2,Rejected,The_East,24,"311,57"
P184547,2016/7/5,2016/10/5,On_Time,Cargo3,Callback,The_North,1260,"342,93"
P184577,2016/7/30,2016/9/30,On_Time,Cargo6,Callback,Malaysia,6,"397,15"
P184577,2016/7/30,2016/9/30,On_Time,Cargo6,Qualified,Malaysia,6,"935,67"
P185334,2016/7/30,2016/9/30,On_Time,Cargo6,Qualified,Malaysia,1,"30,17"
P185338,2016/7/30,2016/9/30,On_Time,Cargo6,Qualified,Malaysia,10,"63,14"
P185347,2016/7/30,2016/9/30,On_Time,Cargo5,Qualified,Thailand,10,"96,54"
P185372,2016/7/30,2016/9/30,On_Time,Cargo5,Qualified,Thailand,5,"339,82"
P186240,2016/12/30,2017/2/28,On_Time,Cargo2,Rejected,The_East,2,"1438,86"
P186240,2016/12/30,2017/2/28,On_Time,Cargo2,Rejected,The_East,2,"1791,67"
P186293,2016/7/30,2016/9/30,On_Time,Cargo6,Qualified,Malaysia,1,"29,98"
P186308,2016/9/9,2016/12/9,On_Time,Cargo3,Qualified,The_North,400,"282,88"
P186432,2016/9/6,2016/12/6,Late,Cargo2,Rejected,The_East,1,"23715,31"
P186463,2016/7/27,2016/9/27,On_Time,Cargo3,Callback,The_North,100,"94,02"
P186522,2016/8/30,2016/10/30,On_Time,Cargo2,Callback,The_East,268,"20,44"
P186522,2016/8/30,2016/10/30,On_Time,Cargo2,Rejected,The_East,268,"20,44"
P187216,2016/7/15,2016/10/15,On_Time,Cargo2,Rejected,The_East,80,"142,65"
P187230,2016/10/30,2016/12/30,On_Time,Cargo2,Qualified,The_East,2,"1374,73"
P187241,2016/7/30,2016/9/30,On_Time,Cargo1,Qualified,The_North,1,"3528,65"
P187332,2016/10/1,2016/11/30,On_Time,Cargo5,Rejected,Thailand,1,"396,24"
P187346,2016/7/9,2016/10/9,On_Time,Cargo2,Callback,The_East,2,"2,75"
P187379,2016/7/25,2016/9/25,On_Time,Cargo3,Qualified,The_North,12,"9,14"
P187396,2016/12/30,2017/2/28,On_Time,Cargo3,Qualified,The_North,4,"27,43"
P187396,2016/12/30,2017/2/28,On_Time,Cargo3,Callback,The_North,2,"128,93"
P188071,2016/7/30,2016/9/30,On_Time,Cargo3,Rejected,The_North,5,"45,62"
P188074,2016/7/10,2016/10/10,On_Time,Cargo2,Qualified,The_East,2,"320,23"
P188074,2016/7/10,2016/10/10,On_Time,Cargo2,Qualified,The_East,2,"320,23"
P188157,2016/7/30,2016/9/30,On_Time,Cargo6,Qualified,Malaysia,1,"84,72"
P188200,2016/7/30,2016/9/30,On_Time,Cargo3,Callback,The_North,1,"2517,52"
P188745,2016/7/15,2016/10/15,On_Time,Cargo2,Qualified,The_East,16,"3059,70"
P188753,2016/7/30,2016/9/30,On_Time,Cargo6,Qualified,Malaysia,1,"31,95"
P188755,2016/8/15,2016/11/15,On_Time,Cargo2,Qualified,The_East,1,"717,77"
P188799,2016/9/30,2016/11/30,On_Time,Cargo3,Qualified,The_North,168,"110,09"
P188799,2016/9/30,2016/11/30,On_Time,Cargo3,Qualified,The_North,18,"16,46"
P189459,2016/9/9,2016/12/9,On_Time,Cargo3,Qualified,The_North,8,"9,12"
P189459,2016/9/9,2016/12/9,On_Time,Cargo3,Qualified,The_North,8,"9,12"
P189594,2016/7/25,2016/9/25,On_Time,Cargo2,Rejected,The_East,1,"363,62"
P189689,2016/7/30,2016/9/30,On_Time,Cargo2,Callback,The_East,1,"97,47"
P190212,2016/7/11,2016/10/11,On_Time,Cargo5,Callback,Thailand,2,"108,56"
P190354,2016/8/31,2016/10/31,On_Time,Cargo6,Qualified,Malaysia,50,"5,46"
P190354,2016/8/31,2016/10/31,On_Time,Cargo6,Qualified,Malaysia,50,"38,85"
P190421,2016/7/30,2016/9/30,On_Time,Cargo6,Qualified,Malaysia,10,"29,24"
P191037,2016/8/30,2016/10/30,On_Time,Cargo5,Qualified,Thailand,1,"150,70"
P191042,2016/8/29,2016/10/29,On_Time,Cargo2,Qualified,The_East,1,"554,59"
P191043,2016/8/29,2016/10/29,On_Time,Cargo2,Callback,The_East,1,"554,59"
P191053,2016/7/30,2016/9/30,On_Time,Cargo6,Qualified,Malaysia,30,"45,61"
P191078,2016/7/30,2016/9/30,On_Time,Cargo6,Qualified,Malaysia,1,"45,61"
P191107,2016/7/15,2016/10/15,On_Time,Cargo6,Qualified,Malaysia,1,"58,68"
P191298,2016/7/30,2016/9/30,On_Time,Cargo3,Qualified,The_North,1,"121,62"
P191298,2016/7/30,2016/9/30,On_Time,Cargo3,Qualified,The_North,1,"144,43"
P191330,2016/8/15,2016/11/15,On_Time,Cargo3,Qualified,The_North,1,"255,41"
P192017,2016/7/30,2016/9/30,On_Time,Cargo6,Qualified,Malaysia,1,"69,61"
P192142,2016/7/16,2016/10/16,On_Time,Cargo6,Qualified,Malaysia,2,"1428,40"
P192142,2016/7/16,2016/10/16,On_Time,Cargo6,Qualified,Malaysia,1,"753,16"
P192191,2016/7/30,2016/9/30,On_Time,Cargo5,Qualified,Thailand,50,"76,22"
P192191,2016/7/30,2016/9/30,On_Time,Cargo5,Qualified,Thailand,5,"78,89"
P192214,2016/7/30,2016/9/30,On_Time,Cargo5,Callback,Thailand,20,"109,08"
P192464,2016/7/30,2016/9/30,On_Time,Cargo2,Qualified,The_East,1,"2508,67"
P192809,2016/7/30,2016/9/30,On_Time,Cargo6,Qualified,Malaysia,20,"66,96"
P192809,2016/7/30,2016/9/30,On_Time,Cargo6,Qualified,Malaysia,2,"6,70"
P192854,2016/7/30,2016/9/30,On_Time,Cargo3,Rejected,The_North,2,"73,62"
P192857,2016/7/15,2016/10/15,On_Time,Cargo6,Qualified,Malaysia,5,"17,90"
P192857,2016/7/15,2016/10/15,On_Time,Cargo6,Qualified,Malaysia,5,"31,32"
P192879,2016/8/25,2016/10/25,Late,Cargo4,Callback,The_Northwest,1,"485,46"
P192954,2016/7/30,2016/9/30,On_Time,Cargo2,Qualified,The_East,4,"222,15"
P193041,2016/9/10,2016/12/10,On_Time,Cargo2,Qualified,The_East,268,"191,31"
P193041,2016/9/10,2016/12/10,On_Time,Cargo2,Qualified,The_East,268,"191,31"
P193600,2016/7/20,2016/10/20,Late,Cargo2,Rejected,The_East,1,"70,73"
P193601,2016/8/25,2016/10/25,On_Time,Cargo2,Qualified,The_East,1,"1635,62"
P193601,2016/8/25,2016/10/25,On_Time,Cargo2,Qualified,The_East,5,"73,03"
P193603,2016/8/20,2016/11/20,On_Time,Cargo2,Qualified,The_East,4,"78,72"
P193603,2016/8/20,2016/11/20,On_Time,Cargo2,Qualified,The_East,4,"78,72"
P193605,2016/8/15,2016/11/15,On_Time,Cargo2,Qualified,The_East,4,"78,72"
P193605,2016/8/15,2016/11/15,On_Time,Cargo2,Qualified,The_East,4,"78,72"
P193621,2016/7/30,2016/9/30,On_Time,Cargo5,Qualified,Thailand,500,"378,75"
P193623,2016/7/30,2016/9/30,On_Time,Cargo6,Qualified,Malaysia,7,"56,88"
P193626,2016/7/30,2016/9/30,Late,Cargo4,Callback,The_Northwest,350,"473,80"
P193626,2016/7/30,2016/9/30,Late,Cargo4,Callback,The_Northwest,40,"7,29"
P193655,2016/7/30,2016/9/30,On_Time,Cargo6,Qualified,Malaysia,294,"732,98"
P193655,2016/7/30,2016/9/30,On_Time,Cargo6,Qualified,Malaysia,276,"514,51"
P193657,2016/7/30,2016/9/30,On_Time,Cargo2,Rejected,The_East,5,"20,83"
P193657,2016/7/30,2016/9/30,On_Time,Cargo2,Rejected,The_East,30,"50,76"
P193678,2016/8/20,2016/11/20,On_Time,Cargo2,Qualified,The_East,4,"19,80"
P193678,2016/8/20,2016/11/20,On_Time,Cargo2,Qualified,The_East,4,"19,80"
P193716,2016/10/30,2016/12/30,On_Time,Cargo2,Qualified,The_East,1,"693,39"
P193749,2016/7/30,2016/9/30,On_Time,Cargo5,Qualified,Thailand,1,"141,63"
P193787,2016/7/30,2016/9/30,On_Time,Cargo6,Qualified,Malaysia,1,"35,03"
P193787,2016/7/30,2016/9/30,On_Time,Cargo6,Qualified,Malaysia,1,"35,03"
P193848,2016/8/6,2016/11/6,On_Time,Cargo1,Callback,The_North,704,"2846,73"
P193848,2016/8/6,2016/11/6,On_Time,Cargo1,Callback,The_North,704,"2654,18"
P193866,2016/11/15,2017/2/15,On_Time,Cargo6,Qualified,Malaysia,200,"697,82"
P193866,2016/11/15,2017/2/15,On_Time,Cargo6,Qualified,Malaysia,110,"326,14"
P193877,2016/9/15,2016/12/15,On_Time,Cargo1,Callback,The_North,704,"2846,73"
P193877,2016/9/15,2016/12/15,On_Time,Cargo1,Callback,The_North,704,"2654,18"
P194443,2016/10/10,2017/1/10,On_Time,Cargo1,Callback,The_North,1,"13014,26"
P194443,2016/10/10,2017/1/10,On_Time,Cargo1,Callback,The_North,1,"10546,64"
P194452,2016/7/29,2016/9/29,On_Time,Cargo6,Qualified,Malaysia,2,"61,90"
P194453,2016/7/15,2016/10/15,On_Time,Cargo6,Qualified,Malaysia,5,"90,48"
P194577,2016/9/15,2016/12/15,On_Time,Cargo2,Qualified,The_East,2,"121,73"
P194579,2016/8/15,2016/11/15,On_Time,Cargo2,Qualified,The_East,2,"121,73"
P194590,2016/7/30,2016/9/30,On_Time,Cargo6,Qualified,Malaysia,500,"46,33"
P194657,2016/7/29,2016/9/29,On_Time,Cargo6,Qualified,Malaysia,2,"1,82"
P194689,2016/7/30,2016/9/30,On_Time,Cargo2,Qualified,The_East,1,"289,10"
P194756,2016/8/15,2016/11/15,On_Time,Cargo2,Callback,The_East,15,"97,54"
P194756,2016/8/15,2016/11/15,On_Time,Cargo2,Callback,The_East,2,"4,38"
P194764,2016/7/15,2016/10/15,On_Time,Cargo3,Qualified,The_North,1,"408,53"
P195344,2016/7/15,2016/10/15,Late,Cargo4,Callback,The_Northwest,12,"658,68"
P195347,2016/7/1,2016/10/1,On_Time,Cargo2,Qualified,The_East,2,"5,18"
P195347,2016/7/1,2016/10/1,On_Time,Cargo2,Qualified,The_East,2,"5,63"
P195354,2016/7/15,2016/10/15,On_Time,Cargo6,Qualified,Malaysia,2,"24,73"
P195356,2016/7/30,2016/9/30,On_Time,Cargo5,Callback,Thailand,4,"51,70"
P195356,2016/7/30,2016/9/30,On_Time,Cargo5,Callback,Thailand,4,"51,70"
P195359,2016/12/15,2017/3/15,On_Time,Cargo1,Callback,The_North,1,"16758,17"
P195359,2016/11/22,2017/2/22,Late,Cargo1,Callback,The_North,1,"16758,17"
P195471,2016/7/30,2016/9/30,On_Time,Cargo3,Qualified,The_North,1,"7,80"
P195517,2016/7/30,2016/9/30,On_Time,Cargo2,Rejected,The_East,12,"54,81"
P195517,2016/7/30,2016/9/30,On_Time,Cargo2,Rejected,The_East,1,"15,99"
P195537,2016/8/10,2016/11/10,On_Time,Cargo6,Qualified,Malaysia,1,"1009,93"
P197569,2016/7/15,2016/10/15,On_Time,Cargo3,Qualified,The_North,1,"38,73"
P197573,2016/9/9,2016/12/9,On_Time,Cargo2,Callback,The_East,200,"36,89"
P197573,2016/9/9,2016/12/9,On_Time,Cargo2,Callback,The_East,200,"73,05"
P197578,2016/7/30,2016/9/30,On_Time,Cargo6,Qualified,Malaysia,2,"10,55"
P197578,2016/7/30,2016/9/30,On_Time,Cargo6,Qualified,Malaysia,1,"8,47"
P197591,2016/7/7,2016/10/7,On_Time,Cargo2,Qualified,The_East,1,"9,90"
P197591,2016/7/7,2016/10/7,On_Time,Cargo2,Qualified,The_East,10,"44,30"
P197594,2016/7/30,2016/9/30,On_Time,Cargo2,Qualified,The_East,60,"45,34"
P197642,2016/11/10,2017/2/10,On_Time,Cargo2,Qualified,The_East,2,"570,76"
P197642,2016/10/9,2017/1/9,On_Time,Cargo2,Qualified,The_East,2,"570,76"
P197650,2016/8/30,2016/10/30,On_Time,Cargo2,Qualified,The_East,268,"20,35"
P197650,2016/8/30,2016/10/30,On_Time,Cargo2,Qualified,The_East,268,"20,35"
P197654,2016/7/30,2016/9/30,On_Time,Cargo3,Rejected,The_North,1,"73,52"
P197656,2016/7/30,2016/9/30,On_Time,Cargo3,Qualified,The_North,1,"235,17"
P197683,2016/7/30,2016/9/30,On_Time,Cargo3,Rejected,The_North,1,"75,92"
P197684,2016/9/15,2016/12/15,On_Time,Cargo2,Qualified,The_East,1,"512,46"
P197684,2016/9/15,2016/12/15,On_Time,Cargo2,Qualified,The_East,1,"512,46"
P197694,2016/9/20,2016/12/20,On_Time,Cargo2,Rejected,The_East,4,"59,83"
P197834,2016/11/14,2017/2/14,On_Time,Cargo1,Callback,The_North,1,"3921,26"
P198593,2016/10/30,2016/12/30,On_Time,Cargo2,Callback,The_East,8600,"3012,88"
P198593,2016/10/30,2016/12/30,On_Time,Cargo2,Callback,The_East,4400,"1541,47"
P198615,2016/7/19,2016/10/19,On_Time,Cargo3,Qualified,The_North,300,"280,50"
P198692,2016/10/26,2016/12/26,On_Time,Cargo5,Qualified,Thailand,1,"226,84"
P198931,2016/9/30,2016/11/30,On_Time,Cargo3,Qualified,The_North,1,"1491,15"
P198931,2016/9/30,2016/11/30,On_Time,Cargo3,Qualified,The_North,1,"1491,15"
P199483,2016/8/30,2016/10/30,On_Time,Cargo3,Qualified,The_North,3,"31,17"
P199534,2016/11/15,2017/2/15,On_Time,Cargo2,Qualified,The_East,2,"1489,11"
P199534,2016/11/15,2017/2/15,On_Time,Cargo2,Qualified,The_East,2,"1489,11"
P199591,2016/8/20,2016/11/20,On_Time,Cargo3,Qualified,The_North,6,"3,92"
P199660,2016/8/31,2016/10/31,On_Time,Cargo5,Qualified,Thailand,1,"296,30"
P199757,2016/7/15,2016/10/15,On_Time,Cargo2,Qualified,The_East,1,"38,33"
P200357,2016/8/15,2016/11/15,Late,Cargo4,Callback,The_Northwest,20,"592,18"
P200365,2016/7/15,2016/10/15,On_Time,Cargo6,Qualified,Malaysia,1,"7,27"
P200365,2016/7/15,2016/10/15,On_Time,Cargo6,Qualified,Malaysia,20,"66,96"
P200397,2016/7/15,2016/10/15,On_Time,Cargo5,Qualified,Thailand,4,"129,78"
P200404,2016/7/15,2016/10/15,On_Time,Cargo6,Qualified,Malaysia,5,"71,38"
P200407,2016/8/31,2016/10/31,On_Time,Cargo6,Qualified,Malaysia,7,"1,82"
P200407,2016/8/31,2016/10/31,On_Time,Cargo6,Qualified,Malaysia,7,"8,05"
P200634,2016/7/30,2016/9/30,On_Time,Cargo5,Qualified,Thailand,34,"100,72"
P200634,2016/7/30,2016/9/30,On_Time,Cargo5,Qualified,Thailand,16,"87,46"
P200704,2016/7/25,2016/9/25,On_Time,Cargo2,Callback,The_East,1,"3114,67"
P200704,2016/7/25,2016/9/25,On_Time,Cargo2,Callback,The_East,1,"648,89"
P201337,2016/7/30,2016/9/30,On_Time,Cargo2,Qualified,The_East,1,"246,40"
P201354,2016/7/30,2016/9/30,On_Time,Cargo2,Qualified,The_East,1,"596,55"
P201413,2016/7/30,2016/9/30,On_Time,Cargo2,Rejected,The_East,150,"64,21"
P201413,2016/7/30,2016/9/30,On_Time,Cargo2,Rejected,The_East,20,"21,79"
P201855,2016/8/30,2016/10/30,On_Time,Cargo5,Qualified,Thailand,1,"125,18"
P202374,2016/8/31,2016/10/31,On_Time,Cargo6,Qualified,Malaysia,1,"7,39"
P202430,2016/8/30,2016/10/30,On_Time,Cargo5,Qualified,Thailand,1,"204,86"
P203009,2016/10/20,2017/1/20,On_Time,Cargo3,Qualified,The_North,1,"683,73"
P203009,2016/10/20,2017/1/20,On_Time,Cargo3,Qualified,The_North,1,"683,73"
P203021,2016/11/9,2017/2/9,On_Time,Cargo2,Qualified,The_East,1,"922,07"
P203021,2016/11/9,2017/2/9,On_Time,Cargo2,Qualified,The_East,1,"655,81"
P203031,2016/8/15,2016/11/15,On_Time,Cargo6,Qualified,Malaysia,1,"51,95"
P203034,2016/7/15,2016/10/15,Late,Cargo4,Callback,The_Northwest,1,"474,00"
P203037,2016/10/30,2016/12/30,On_Time,Cargo3,Qualified,The_North,1,"439,07"
P203037,2016/10/30,2016/12/30,On_Time,Cargo3,Qualified,The_North,1,"439,07"
P203052,2016/7/15,2016/10/15,On_Time,Cargo6,Qualified,Malaysia,1,"29,87"
P203058,2016/7/30,2016/9/30,On_Time,Cargo2,Qualified,The_East,1,"20,52"
P203180,2016/10/1,2016/11/30,On_Time,Cargo2,Rejected,The_East,4,"32,54"
P203180,2016/10/1,2016/11/30,On_Time,Cargo2,Rejected,The_East,4,"32,54"
P203189,2016/7/15,2016/10/15,On_Time,Cargo2,Rejected,The_East,3,"58,44"
P203379,2016/12/30,2017/2/28,On_Time,Cargo2,Qualified,The_East,6,"680,71"
P203379,2016/12/30,2017/2/28,On_Time,Cargo2,Qualified,The_East,6,"680,71"
P203918,2016/9/15,2016/12/15,On_Time,Cargo5,Callback,Thailand,1,"91,97"
P203918,2016/9/9,2016/12/9,On_Time,Cargo5,Callback,Thailand,1,"12,16"
P203964,2016/8/25,2016/10/25,On_Time,Cargo3,Qualified,The_North,2,"280,64"
P203964,2016/8/25,2016/10/25,On_Time,Cargo3,Qualified,The_North,4,"710,86"
P203993,2016/7/30,2016/9/30,On_Time,Cargo3,Qualified,The_North,1,"6,24"
P204153,2016/7/30,2016/9/30,On_Time,Cargo3,Qualified,The_North,1,"18,06"
P204690,2016/9/30,2016/11/30,On_Time,Cargo5,Qualified,Thailand,1,"197,28"
P204690,2016/9/30,2016/11/30,On_Time,Cargo5,Qualified,Thailand,1,"197,28"
P204697,2016/7/15,2016/10/15,On_Time,Cargo2,Rejected,The_East,1,"75,61"
P204855,2016/7/30,2016/9/30,On_Time,Cargo6,Qualified,Malaysia,1,"44,17"
P204891,2016/7/30,2016/9/30,On_Time,Cargo2,Qualified,The_East,1,"121,43"
P204932,2016/7/30,2016/9/30,On_Time,Cargo6,Qualified,Malaysia,1,"88,45"
P205318,2016/7/15,2016/10/15,On_Time,Cargo5,Qualified,Thailand,1,"203,06"
P205385,2016/7/15,2016/10/15,On_Time,Cargo6,Qualified,Malaysia,1,"1322,31"
P205385,2016/7/15,2016/10/15,On_Time,Cargo6,Qualified,Malaysia,1,"121,59"
P205510,2016/9/15,2016/12/15,On_Time,Cargo3,Qualified,The_North,56,"177,54"
P205550,2016/7/15,2016/10/15,On_Time,Cargo3,Qualified,The_North,20,"38,71"
P205550,2016/7/15,2016/10/15,On_Time,Cargo3,Qualified,The_North,2,"6,45"
P205554,2016/8/25,2016/10/25,On_Time,Cargo3,Qualified,The_North,1,"45,16"
P205661,2016/8/25,2016/10/25,On_Time,Cargo3,Qualified,The_North,1,"1126,30"
P206306,2016/8/30,2016/10/30,On_Time,Cargo5,Qualified,Thailand,4,"149,14"
P206310,2016/8/31,2016/10/31,On_Time,Cargo6,Qualified,Malaysia,1,"48,86"
P206328,2016/8/31,2016/10/31,On_Time,Cargo6,Qualified,Malaysia,2,"33,43"
P206342,2016/9/15,2016/12/15,On_Time,Cargo2,Qualified,The_East,1,"36,94"
P206382,2016/8/31,2016/10/31,On_Time,Cargo6,Qualified,Malaysia,2,"18,05"
P206382,2016/8/31,2016/10/31,On_Time,Cargo6,Qualified,Malaysia,50,"76,40"
P206408,2016/8/31,2016/10/31,On_Time,Cargo6,Qualified,Malaysia,3,"61,00"
P206458,2016/7/15,2016/10/15,On_Time,Cargo6,Qualified,Malaysia,10,"3,01"
P206458,2016/7/15,2016/10/15,On_Time,Cargo6,Qualified,Malaysia,10,"3,01"
P206613,2016/7/4,2016/10/4,On_Time,Cargo2,Qualified,The_East,1,"65,74"
P206613,2016/7/4,2016/10/4,On_Time,Cargo2,Qualified,The_East,1,"156,06"
P207215,2016/7/20,2016/10/20,On_Time,Cargo2,Rejected,The_East,1,"0,78"
P207215,2016/7/20,2016/10/20,On_Time,Cargo2,Rejected,The_East,1,"1,28"
P207476,2016/8/31,2016/10/31,On_Time,Cargo3,Qualified,The_North,1,"1557,05"
P207490,2016/7/15,2016/10/15,On_Time,Cargo3,Qualified,The_North,1,"170,42"
P207501,2016/7/15,2016/10/15,On_Time,Cargo3,Callback,The_North,1,"111,69"
P207550,2016/7/22,2016/10/22,On_Time,Cargo2,Qualified,The_East,10,"385,74"
P207772,2016/8/30,2016/10/30,On_Time,Cargo6,Qualified,Malaysia,16,"1211,04"
P207780,2016/8/30,2016/10/30,On_Time,Cargo6,Qualified,Malaysia,9,"37,61"
P208171,2016/7/15,2016/10/15,On_Time,Cargo6,Qualified,Malaysia,1,"3,09"
P208171,2016/7/15,2016/10/15,On_Time,Cargo6,Qualified,Malaysia,1,"5,79"
P208198,2016/7/15,2016/10/15,On_Time,Cargo3,Qualified,The_North,1,"45,16"
P208368,2016/7/11,2016/10/11,On_Time,Cargo3,Qualified,The_North,15,"134,50"
P208443,2016/8/31,2016/10/31,On_Time,Cargo6,Qualified,Malaysia,2,"63,00"
P208470,2016/8/30,2016/10/30,On_Time,Cargo5,Callback,Thailand,1,"102,92"
P208503,2016/9/30,2016/11/30,On_Time,Cargo3,Qualified,The_North,1,"832,38"
P208503,2016/9/30,2016/11/30,On_Time,Cargo3,Qualified,The_North,1,"832,38"
P209015,2016/7/15,2016/10/15,On_Time,Cargo3,Callback,The_North,1,"75,27"
P209015,2016/7/15,2016/10/15,On_Time,Cargo3,Callback,The_North,1,"38,88"
P209060,2016/7/15,2016/10/15,On_Time,Cargo6,Qualified,Malaysia,200,"30,89"
P209099,2016/11/10,2017/2/10,On_Time,Cargo2,Callback,The_East,1,"3208,48"
P209099,2016/11/10,2017/2/10,On_Time,Cargo2,Callback,The_East,1,"2797,70"
P209100,2016/10/30,2016/12/30,On_Time,Cargo2,Qualified,The_East,1,"435,03"
P209100,2016/10/30,2016/12/30,On_Time,Cargo2,Qualified,The_East,1,"2797,70"
P209104,2016/7/14,2016/10/14,On_Time,Cargo3,Qualified,The_North,16.5,"44,56"
P209210,2016/10/30,2016/12/30,On_Time,Cargo6,Qualified,Malaysia,1,"978,45"
P209210,2016/10/30,2016/12/30,On_Time,Cargo6,Qualified,Malaysia,1,"978,45"
P209277,2016/10/1,2016/11/30,Late,Cargo4,Callback,The_Northwest,1,"234,83"
P209277,2016/10/1,2016/11/30,Late,Cargo4,Callback,The_Northwest,1,"234,83"
P209299,2016/7/15,2016/10/15,On_Time,Cargo6,Qualified,Malaysia,1,"27,10"
P209301,2016/8/31,2016/10/31,On_Time,Cargo5,Qualified,Thailand,15,"144,84"
P209322,2016/10/1,2016/11/30,On_Time,Cargo5,Qualified,Thailand,1,"98,02"
P209322,2016/10/1,2016/11/30,On_Time,Cargo5,Qualified,Thailand,1,"98,02"
P209922,2016/7/20,2016/10/20,On_Time,Cargo2,Qualified,The_East,1,"256,84"
P209926,2016/10/12,2017/1/12,On_Time,Cargo6,Qualified,Malaysia,920,"699,81"
P209926,2016/10/12,2017/1/12,On_Time,Cargo6,Qualified,Malaysia,920,"685,34"
P209971,2016/8/7,2016/11/7,On_Time,Cargo3,Qualified,The_North,2,"43,66"
P210191,2016/8/31,2016/10/31,On_Time,Cargo2,Qualified,The_East,1,"233,86"
P210746,2016/7/15,2016/10/15,On_Time,Cargo2,Rejected,The_East,5,"76,95"
P210782,2016/8/15,2016/11/15,On_Time,Cargo6,Qualified,Malaysia,200,"47,72"
P210793,2016/11/15,2017/2/15,On_Time,Cargo2,Qualified,The_East,4,"1119,84"
P210795,2016/8/31,2016/10/31,On_Time,Cargo5,Qualified,Thailand,4,"128,25"
P210854,2016/8/31,2016/10/31,Late,Cargo4,Callback,The_Northwest,2,"404,51"
P210854,2016/8/31,2016/10/31,Late,Cargo4,Callback,The_Northwest,2,"404,51"
P210856,2016/8/31,2016/10/31,On_Time,Cargo5,Qualified,Thailand,1,"67,97"
P210856,2016/8/31,2016/10/31,On_Time,Cargo5,Qualified,Thailand,1,"67,97"
P210870,2016/8/31,2016/10/31,On_Time,Cargo5,Qualified,Thailand,500,"222,22"
P210882,2016/8/31,2016/10/31,Late,Cargo4,Callback,The_Northwest,400,"533,52"
P210882,2016/8/31,2016/10/31,Late,Cargo4,Callback,The_Northwest,100,"17,95"
P210915,2016/8/31,2016/10/31,On_Time,Cargo6,Qualified,Malaysia,20,"61,56"
P210922,2016/7/11,2016/10/11,On_Time,Cargo6,Qualified,Malaysia,1,"12,45"
P210959,2016/7/15,2016/10/15,On_Time,Cargo6,Qualified,Malaysia,7,"90,03"
P210993,2016/8/31,2016/10/31,Late,Cargo4,Callback,The_Northwest,150,"52,71"
P210993,2016/8/31,2016/10/31,Late,Cargo4,Callback,The_Northwest,500,"373,17"
P211477,2016/7/15,2016/10/15,On_Time,Cargo2,Qualified,The_East,1,"335,64"
P211477,2016/7/15,2016/10/15,On_Time,Cargo2,Qualified,The_East,1,"322,18"
P211539,2016/8/20,2016/11/20,On_Time,Cargo3,Qualified,The_North,848,"803,40"
P211539,2016/8/20,2016/11/20,On_Time,Cargo3,Qualified,The_North,2,"21,18"
P211662,2016/8/30,2016/10/30,On_Time,Cargo5,Qualified,Thailand,1,"293,71"
P211679,2016/10/1,2016/11/30,On_Time,Cargo3,Qualified,The_North,1,"263,75"
P211679,2016/10/1,2016/11/30,On_Time,Cargo3,Qualified,The_North,1,"263,75"
P212306,2016/10/1,2016/11/30,On_Time,Cargo6,Qualified,Malaysia,1,"29,40"
P212306,2016/10/1,2016/11/30,On_Time,Cargo6,Qualified,Malaysia,1,"12,78"
P212315,2016/10/1,2016/11/30,On_Time,Cargo6,Qualified,Malaysia,1,"6,92"
P212315,2016/10/1,2016/11/30,On_Time,Cargo6,Qualified,Malaysia,1,"6,92"
P212349,2016/8/31,2016/10/31,On_Time,Cargo5,Callback,Thailand,1,"105,79"
P212360,2016/7/20,2016/10/20,Late,Cargo2,Qualified,The_East,1,"159,77"
P212380,2016/8/31,2016/10/31,On_Time,Cargo6,Qualified,Malaysia,1,"28,86"
P212380,2016/8/31,2016/10/31,On_Time,Cargo6,Rejected,Malaysia,1,"28,86"
P212382,2016/10/25,2016/12/25,On_Time,Cargo3,Qualified,The_North,12,"453,22"
P212382,2016/10/25,2016/12/25,On_Time,Cargo3,Qualified,The_North,12,"204,91"
P212400,2016/8/29,2016/10/29,On_Time,Cargo6,Qualified,Malaysia,1,"31,95"
P212400,2016/8/29,2016/10/29,On_Time,Cargo6,Qualified,Malaysia,1,"3,32"
P212422,2016/8/31,2016/10/31,On_Time,Cargo5,Rejected,Thailand,5,"30,91"
P212422,2016/8/31,2016/10/31,On_Time,Cargo5,Rejected,Thailand,10,"64,15"
P212486,2016/8/29,2016/10/29,On_Time,Cargo3,Qualified,The_North,1,"19,81"
P212493,2016/8/31,2016/10/31,On_Time,Cargo6,Qualified,Malaysia,1,"24,13"
P212505,2016/8/29,2016/10/29,On_Time,Cargo3,Qualified,The_North,12,"7,90"
P212539,2016/9/15,2016/12/15,On_Time,Cargo6,Rejected,Malaysia,2,"12,53"
P212539,2016/9/15,2016/12/15,On_Time,Cargo6,Rejected,Malaysia,2,"51,64"
P212589,2016/7/20,2016/10/20,On_Time,Cargo2,Qualified,The_East,28,"5,03"
P213151,2016/8/31,2016/10/31,On_Time,Cargo5,Callback,Thailand,1,"101,91"
P213155,2016/8/31,2016/10/31,On_Time,Cargo6,Qualified,Malaysia,4,"31,42"
P213214,2016/8/31,2016/10/31,On_Time,Cargo6,Qualified,Malaysia,1,"1301,87"
P213256,2016/8/31,2016/10/31,On_Time,Cargo6,Rejected,Malaysia,1,"69,68"
P213310,2016/8/15,2016/11/15,On_Time,Cargo6,Qualified,Malaysia,3,"34,79"
P213332,2016/8/15,2016/11/15,On_Time,Cargo5,Qualified,Thailand,1,"187,05"
P213332,2016/8/15,2016/11/15,On_Time,Cargo5,Qualified,Thailand,1,"187,05"
P213366,2016/8/29,2016/10/29,On_Time,Cargo2,Qualified,The_East,14,"15,40"
P213366,2016/8/29,2016/10/29,On_Time,Cargo2,Qualified,The_East,15,"35,47"
P213423,2016/10/15,2017/1/15,On_Time,Cargo2,Callback,The_East,5300,"1832,04"
P213423,2016/10/15,2017/1/15,On_Time,Cargo2,Callback,The_East,9500,"3283,85"
P213435,2016/8/29,2016/10/29,Late,Cargo4,Callback,The_Northwest,1,"486,01"
P214052,2016/8/31,2016/10/31,On_Time,Cargo6,Qualified,Malaysia,221,"286,29"
P214052,2016/8/31,2016/10/31,On_Time,Cargo6,Qualified,Malaysia,269,"758,78"
P214053,2016/8/31,2016/10/31,On_Time,Cargo5,Rejected,Thailand,1,"94,86"
P214054,2016/9/8,2016/12/8,On_Time,Cargo3,Qualified,The_North,4,"125,57"
P214160,2016/8/15,2016/11/15,On_Time,Cargo5,Qualified,Thailand,2,"47,86"
P214160,2016/8/15,2016/11/15,On_Time,Cargo5,Qualified,Thailand,2,"478,62"
P214343,2016/8/28,2016/10/28,On_Time,Cargo2,Qualified,The_East,1,"184,09"
P214830,2016/8/15,2016/11/15,On_Time,Cargo6,Qualified,Malaysia,1,"547,75"
P214830,2016/8/15,2016/11/15,On_Time,Cargo6,Qualified,Malaysia,1,"572,66"
P214836,2016/8/31,2016/10/31,On_Time,Cargo6,Qualified,Malaysia,30,"49,91"
P214838,2016/8/31,2016/10/31,On_Time,Cargo5,Qualified,Thailand,10,"210,78"
P214842,2016/7/15,2016/10/15,On_Time,Cargo6,Qualified,Malaysia,1,"1046,22"
P214842,2016/7/15,2016/10/15,On_Time,Cargo6,Qualified,Malaysia,1,"1046,22"
P214862,2016/8/31,2016/10/31,On_Time,Cargo5,Qualified,Thailand,2,"267,68"
P214867,2016/7/22,2016/10/22,On_Time,Cargo2,Rejected,The_East,1,"55,51"
P214878,2016/8/31,2016/10/31,On_Time,Cargo6,Qualified,Malaysia,16,"1403,13"
P214886,2016/8/31,2016/10/31,On_Time,Cargo6,Rejected,Malaysia,1,"37,86"
P214886,2016/8/31,2016/10/31,On_Time,Cargo6,Rejected,Malaysia,1,"40,05"
P214903,2016/8/31,2016/10/31,On_Time,Cargo5,Qualified,Thailand,1,"67,26"
P214903,2016/8/31,2016/10/31,On_Time,Cargo5,Qualified,Thailand,1,"56,80"
P215027,2016/8/30,2016/10/30,Late,Cargo4,Callback,The_Northwest,2,"561,97"
P215079,2016/8/31,2016/10/31,On_Time,Cargo6,Qualified,Malaysia,1,"52,31"
P215110,2016/8/30,2016/10/30,On_Time,Cargo3,Rejected,The_North,1,"63,28"
P215665,2016/7/18,2016/10/18,On_Time,Cargo6,Qualified,Malaysia,1,"14,96"
P215672,2016/8/31,2016/10/31,On_Time,Cargo6,Qualified,Malaysia,1,"1047,13"
P215713,2016/9/20,2016/12/20,Late,Cargo3,Qualified,The_North,1,"3412,98"
P215719,2016/10/30,2016/12/30,On_Time,Cargo3,Callback,The_North,1,"3412,98"
P215813,2016/8/31,2016/10/31,On_Time,Cargo5,Qualified,Thailand,4,"161,94"
P215813,2016/8/31,2016/10/31,On_Time,Cargo5,Qualified,Thailand,4,"161,94"
P215866,2016/8/31,2016/10/31,On_Time,Cargo6,Rejected,Malaysia,2,"65,49"
P215916,2016/8/31,2016/10/31,On_Time,Cargo5,Qualified,Thailand,5,"119,67"
P216020,2016/8/26,2016/10/26,On_Time,Cargo2,Callback,The_East,1,"3068,51"
P216020,2016/8/26,2016/10/26,On_Time,Cargo2,Callback,The_East,1,"639,27"
P216522,2016/9/26,2016/11/26,On_Time,Cargo2,Callback,The_East,1,"3066,05"
P216522,2016/9/26,2016/11/26,On_Time,Cargo2,Callback,The_East,1,"638,76"
P216532,2016/9/18,2016/12/18,On_Time,Cargo2,Callback,The_East,20,"30,71"
P216532,2016/9/18,2016/12/18,On_Time,Cargo1,Callback,The_North,1,"3659,50"
P216538,2016/12/30,2017/2/28,On_Time,Cargo1,Callback,The_North,1,"3659,50"
P216538,2016/12/30,2017/2/28,On_Time,Cargo2,Callback,The_East,30,"46,07"
P216641,2016/8/28,2016/10/28,On_Time,Cargo3,Qualified,The_North,1,"39,15"
P216657,2016/8/31,2016/10/31,On_Time,Cargo2,Qualified,The_East,2,"10,19"
P216657,2016/8/31,2016/10/31,On_Time,Cargo2,Qualified,The_East,1,"5,10"
P216692,2016/8/31,2016/10/31,On_Time,Cargo6,Qualified,Malaysia,1,"24,66"
P216694,2016/10/26,2016/12/26,On_Time,Cargo3,Qualified,The_North,1,"388,37"
P216774,2016/8/15,2016/11/15,On_Time,Cargo6,Rejected,Malaysia,1,"80,78"
P216790,2016/8/15,2016/11/15,On_Time,Cargo5,Qualified,Thailand,2,"53,81"
P216790,2016/8/15,2016/11/15,On_Time,Cargo5,Qualified,Thailand,3,"80,71"
P217325,2016/8/15,2016/11/15,On_Time,Cargo6,Qualified,Malaysia,1,"123,57"
P217325,2016/8/15,2016/11/15,On_Time,Cargo6,Qualified,Malaysia,1,"74,05"
P217328,2016/8/15,2016/11/15,On_Time,Cargo5,Qualified,Thailand,2,"248,34"
P217344,2016/8/15,2016/11/15,On_Time,Cargo6,Rejected,Malaysia,5,"51,15"
P217344,2016/8/15,2016/11/15,On_Time,Cargo6,Rejected,Malaysia,2,"20,46"
P217351,2016/8/15,2016/11/15,On_Time,Cargo6,Qualified,Malaysia,2,"14,32"
P217351,2016/8/15,2016/11/15,On_Time,Cargo6,Qualified,Malaysia,1,"21,10"
P218106,2016/8/15,2016/11/15,On_Time,Cargo6,Qualified,Malaysia,1,"11,23"
P218106,2016/8/15,2016/11/15,On_Time,Cargo6,Qualified,Malaysia,1,"11,23"
P218108,2016/8/15,2016/11/15,On_Time,Cargo3,Rejected,The_North,1,"96,54"
P218111,2016/8/15,2016/11/15,Late,Cargo4,Callback,The_Northwest,1,"336,74"
P218111,2016/8/15,2016/11/15,Late,Cargo4,Callback,The_Northwest,2,"562,72"
P218117,2016/10/1,2016/11/30,On_Time,Cargo6,Qualified,Malaysia,1,"51,18"
P218132,2016/8/15,2016/11/15,On_Time,Cargo3,Qualified,The_North,1,"302,85"
P218141,2016/11/18,2017/2/18,On_Time,Cargo3,Qualified,The_North,1,"198,80"
P218141,2016/11/18,2017/2/18,On_Time,Cargo3,Qualified,The_North,1,"23,81"
P218150,2016/11/21,2017/2/21,On_Time,Cargo5,Qualified,Thailand,2,"537,24"
P218160,2016/12/6,2017/3/6,On_Time,Cargo6,Qualified,Malaysia,2,"1,95"
P218160,2016/12/6,2017/3/6,On_Time,Cargo6,Qualified,Malaysia,2,"1,95"
P218163,2016/12/10,2017/3/10,On_Time,Cargo6,Qualified,Malaysia,2,"21,85"
P218163,2016/12/10,2017/3/10,On_Time,Cargo6,Qualified,Malaysia,2,"21,85"
P218167,2016/8/30,2016/10/30,On_Time,Cargo3,Qualified,The_North,1,"507,27"
P218910,2016/8/15,2016/11/15,On_Time,Cargo5,Qualified,Thailand,500,"220,95"
P218910,2016/8/15,2016/11/15,On_Time,Cargo5,Qualified,Thailand,10,"2,55"
P218921,2016/10/1,2016/11/30,On_Time,Cargo6,Rejected,Malaysia,1,"81,87"
P218938,2016/8/31,2016/10/31,On_Time,Cargo6,Rejected,Malaysia,1,"11,54"
P218938,2016/8/31,2016/10/31,On_Time,Cargo6,Rejected,Malaysia,1,"63,48"
P218990,2016/8/30,2016/10/30,On_Time,Cargo3,Rejected,The_North,2,"80,97"
P218997,2016/7/13,2016/10/13,Late,Cargo2,Qualified,The_East,1,"2403,81"
P219036,2016/8/8,2016/11/8,On_Time,Cargo2,Qualified,The_East,380,"3331,31"
P219050,2016/8/15,2016/11/15,On_Time,Cargo6,Qualified,Malaysia,1,"51,01"
P219101,2016/10/20,2017/1/20,On_Time,Cargo3,Qualified,The_North,106,"68,00"
P219101,2016/10/20,2017/1/20,On_Time,Cargo3,Qualified,The_North,160,"102,64"
P219148,2016/9/20,2016/12/20,On_Time,Cargo2,Qualified,The_East,200,"546,63"
P219733,2016/8/31,2016/10/31,On_Time,Cargo2,Qualified,The_East,1,"896,22"
P219744,2016/8/15,2016/11/15,On_Time,Cargo6,Qualified,Malaysia,1,"1402,29"
P219796,2016/8/15,2016/11/15,Late,Cargo4,Callback,The_Northwest,1,"250,17"
P219796,2016/8/15,2016/11/15,Late,Cargo4,Callback,The_Northwest,1,"250,17"
P219825,2016/8/15,2016/11/15,On_Time,Cargo5,Qualified,Thailand,8,"119,50"
P219895,2016/8/15,2016/11/15,On_Time,Cargo5,Qualified,Thailand,3,"310,23"
P220013,2016/8/31,2016/10/31,On_Time,Cargo2,Qualified,The_East,1,"31,02"
P220590,2016/10/1,2016/11/30,On_Time,Cargo6,Qualified,Malaysia,1,"27,23"
P220590,2016/10/1,2016/11/30,On_Time,Cargo6,Qualified,Malaysia,1,"25,83"
P220594,2016/9/20,2016/12/20,On_Time,Cargo3,Qualified,The_North,1,"2353,05"
P220594,2016/9/20,2016/12/20,On_Time,Cargo3,Qualified,The_North,1,"52,49"
P220595,2016/8/15,2016/11/15,Late,Cargo4,Callback,The_Northwest,1,"201,96"
P220595,2016/8/15,2016/11/15,Late,Cargo4,Callback,The_Northwest,1,"201,96"
P220599,2016/9/15,2016/12/15,On_Time,Cargo6,Qualified,Malaysia,2,"38,42"
P220659,2016/8/15,2016/11/15,On_Time,Cargo5,Qualified,Thailand,1,"139,59"
P220659,2016/8/15,2016/11/15,On_Time,Cargo5,Qualified,Thailand,1,"139,59"
P221390,2016/10/20,2017/1/20,On_Time,Cargo2,Qualified,The_East,4,"19,48"
P221390,2016/10/20,2017/1/20,On_Time,Cargo2,Qualified,The_East,4,"19,48"
P221399,2016/8/15,2016/11/15,On_Time,Cargo6,Rejected,Malaysia,15,"73,04"
P221481,2016/9/15,2016/12/15,On_Time,Cargo6,Qualified,Malaysia,1,"8,24"
P221492,2016/10/1,2016/11/30,On_Time,Cargo6,Qualified,Malaysia,1,"21,77"
P221492,2016/10/1,2016/11/30,On_Time,Cargo6,Qualified,Malaysia,16,"26,64"
P221566,2016/8/30,2016/10/30,On_Time,Cargo3,Qualified,The_North,1,"158,48"
P221690,2016/10/12,2017/1/12,On_Time,Cargo2,Rejected,The_East,4,"75,39"
P222314,2016/10/1,2016/11/30,On_Time,Cargo6,Qualified,Malaysia,1,"29,46"
P222317,2016/11/14,2017/2/14,On_Time,Cargo5,Qualified,Thailand,1,"296,70"
P222318,2016/8/15,2016/11/15,On_Time,Cargo5,Qualified,Thailand,2,"117,83"
P222353,2016/8/15,2016/11/15,On_Time,Cargo5,Callback,Thailand,1,"34,58"
P222353,2016/8/15,2016/11/15,On_Time,Cargo5,Callback,Thailand,1,"67,88"
P222374,2016/10/1,2016/11/30,On_Time,Cargo6,Qualified,Malaysia,1,"6,37"
P222374,2016/10/1,2016/11/30,On_Time,Cargo6,Qualified,Malaysia,1,"6,37"
P222384,2016/10/1,2016/11/30,On_Time,Cargo6,Qualified,Malaysia,2,"19,48"
P222384,2016/10/1,2016/11/30,On_Time,Cargo6,Qualified,Malaysia,2,"19,48"
P222413,2016/8/15,2016/11/15,On_Time,Cargo6,Qualified,Malaysia,16,"1406,79"
P222454,2016/8/15,2016/11/15,On_Time,Cargo5,Qualified,Thailand,500,"224,10"
P222508,2016/8/24,2016/11/24,On_Time,Cargo2,Qualified,The_East,1,"9,02"
P222508,2016/8/24,2016/11/24,On_Time,Cargo2,Qualified,The_East,1,"9,17"
P222584,2016/12/21,2017/3/21,Late,Cargo2,Callback,The_East,1,"2157,84"
P222584,2016/11/23,2017/2/23,Late,Cargo2,Callback,The_East,1,"2157,84"
P223059,2016/8/19,2016/11/19,Late,Cargo2,Rejected,The_East,2,"70,62"
P223062,2016/12/13,2017/3/13,Late,Cargo2,Qualified,The_East,1,"130,82"
P223063,2016/8/31,2016/10/31,On_Time,Cargo6,Qualified,Malaysia,1,"25,59"
P223063,2016/8/31,2016/10/31,On_Time,Cargo6,Qualified,Malaysia,1,"25,59"
P223076,2016/10/1,2016/11/30,On_Time,Cargo6,Qualified,Malaysia,10,"14,34"
P223107,2016/9/20,2016/12/20,On_Time,Cargo3,Qualified,The_North,1,"12,73"
P223107,2016/9/20,2016/12/20,On_Time,Cargo3,Qualified,The_North,1,"14,22"
P223123,2016/9/20,2016/12/20,On_Time,Cargo3,Qualified,The_North,1,"12,73"
P223123,2016/9/20,2016/12/20,On_Time,Cargo3,Qualified,The_North,1,"14,22"
P223185,2016/10/1,2016/11/30,On_Time,Cargo6,Rejected,Malaysia,5,"57,81"
P223189,2016/10/1,2016/11/30,On_Time,Cargo6,Qualified,Malaysia,1,"922,45"
P223240,2016/9/6,2016/12/6,On_Time,Cargo2,Qualified,The_East,1,"19,09"
P223292,2016/8/20,2016/11/20,On_Time,Cargo3,Qualified,The_North,2,"119,17"
P223392,2016/9/30,2016/11/30,On_Time,Cargo2,Qualified,The_East,4,"29,29"
P223945,2016/11/20,2017/2/20,On_Time,Cargo3,Qualified,The_North,1,"23,82"
P223945,2016/11/20,2017/2/20,On_Time,Cargo3,Qualified,The_North,1,"23,82"
P223948,2016/8/18,2016/11/18,On_Time,Cargo3,Rejected,The_North,2,"58,28"
P223959,2016/8/15,2016/11/15,On_Time,Cargo5,Qualified,Thailand,300,"234,08"
P223959,2016/8/15,2016/11/15,On_Time,Cargo5,Qualified,Thailand,200,"149,13"
P223976,2016/8/15,2016/11/15,On_Time,Cargo5,Qualified,Thailand,34,"187,59"
P224038,2016/10/1,2016/11/30,On_Time,Cargo5,Qualified,Thailand,5,"130,02"
P224039,2016/10/1,2016/11/30,On_Time,Cargo5,Qualified,Thailand,50,"91,48"
P224039,2016/10/1,2016/11/30,On_Time,Cargo5,Qualified,Thailand,50,"29,12"
P224044,2016/8/15,2016/11/15,On_Time,Cargo6,Qualified,Malaysia,11,"36,36"
P224172,2016/10/1,2016/11/30,On_Time,Cargo5,Qualified,Thailand,1,"121,72"
P224205,2016/8/19,2016/11/19,On_Time,Cargo3,Qualified,The_North,100,"350,77"
P224784,2016/10/1,2016/11/30,On_Time,Cargo6,Qualified,Malaysia,2,"49,46"
P224798,2016/8/15,2016/11/15,On_Time,Cargo6,Qualified,Malaysia,1,"46,13"
P224901,2016/10/30,2016/12/30,On_Time,Cargo6,Qualified,Malaysia,3,"45,78"
P224957,2016/10/1,2016/11/30,On_Time,Cargo6,Qualified,Malaysia,20,"32,38"
P225099,2016/9/15,2016/12/15,On_Time,Cargo5,Rejected,Thailand,1,"99,09"
P225102,2016/10/12,2017/1/12,Late,Cargo2,Qualified,The_East,1,"67,46"
P225102,2016/10/12,2017/1/12,Late,Cargo2,Qualified,The_East,1,"142,42"
P225575,2016/10/1,2016/11/30,On_Time,Cargo6,Qualified,Malaysia,1,"38,23"
P225576,2016/8/30,2016/10/30,Late,Cargo3,Rejected,The_North,1,"82,45"
P225586,2016/8/30,2016/10/30,On_Time,Cargo3,Qualified,The_North,1,"201,63"
P225589,2016/10/30,2016/12/30,Late,Cargo3,Qualified,The_North,2,"48,72"
P225592,2016/8/5,2016/11/5,On_Time,Cargo3,Qualified,The_North,1,"117,07"
P225600,2016/8/15,2016/11/15,On_Time,Cargo3,Qualified,The_North,1,"6,16"
P225621,2016/10/30,2016/12/30,Late,Cargo3,Rejected,The_North,1,"33,52"
P225621,2016/10/30,2016/12/30,Late,Cargo3,Rejected,The_North,1,"23,29"
P225628,2016/8/15,2016/11/15,On_Time,Cargo6,Qualified,Malaysia,1,"20,99"
P225643,2016/9/15,2016/12/15,On_Time,Cargo2,Qualified,The_East,1,"16,45"
P225697,2016/8/17,2016/11/17,On_Time,Cargo2,Qualified,The_East,4,"0,51"
P225697,2016/8/17,2016/11/17,On_Time,Cargo2,Qualified,The_East,2,"1294,64"
P225823,2016/8/15,2016/11/15,On_Time,Cargo6,Qualified,Malaysia,2,"41,98"
P225947,2016/10/1,2016/11/30,Late,Cargo3,Qualified,The_North,1,"18,02"
P225958,2016/8/15,2016/11/15,Late,Cargo3,Qualified,The_North,1,"20,38"
P225966,2016/8/15,2016/11/15,On_Time,Cargo3,Qualified,The_North,1,"4,11"
P226478,2016/9/26,2016/11/26,On_Time,Cargo2,Rejected,The_East,2,"61,50"
P226478,2016/9/26,2016/11/26,On_Time,Cargo2,Rejected,The_East,2,"13,94"
P226484,2016/10/1,2016/11/30,On_Time,Cargo6,Rejected,Malaysia,5,"45,48"
P226484,2016/10/1,2016/11/30,On_Time,Cargo6,Rejected,Malaysia,5,"34,37"
P226517,2016/8/9,2016/11/9,On_Time,Cargo2,Callback,The_East,2,"13169,57"
P226574,2016/10/1,2016/11/30,On_Time,Cargo2,Qualified,The_East,1,"2322,69"
P226641,2016/10/1,2016/11/30,On_Time,Cargo3,Qualified,The_North,1,"959,30"
P226641,2016/10/1,2016/11/30,On_Time,Cargo3,Qualified,The_North,1,"959,30"
P227218,2016/9/15,2016/12/15,On_Time,Cargo3,Qualified,The_North,25,"154,23"
P227218,2016/9/15,2016/12/15,On_Time,Cargo3,Qualified,The_North,1,"6,51"
P227269,2016/10/1,2016/11/30,On_Time,Cargo5,Callback,Thailand,3,"99,39"
P227393,2016/10/30,2016/12/30,On_Time,Cargo5,Callback,Thailand,1,"115,84"
P227798,2016/9/5,2016/12/5,On_Time,Cargo3,Qualified,The_North,3,"975,13"
P227798,2016/9/5,2016/12/5,On_Time,Cargo3,Qualified,The_North,3,"156,14"
P227937,2016/10/1,2016/11/30,On_Time,Cargo6,Qualified,Malaysia,14,"12,63"
P227937,2016/10/1,2016/11/30,On_Time,Cargo6,Qualified,Malaysia,4,"30,16"
P227971,2016/9/30,2016/11/30,On_Time,Cargo2,Callback,The_East,300,"2629,98"
P227971,2016/10/30,2016/12/30,On_Time,Cargo2,Callback,The_East,400,"3506,64"
P228594,2016/10/30,2016/12/30,On_Time,Cargo3,Qualified,The_North,1,"48,19"
P228598,2016/10/1,2016/11/30,On_Time,Cargo6,Rejected,Malaysia,2,"60,35"
P228603,2016/8/20,2016/11/20,On_Time,Cargo3,Rejected,The_North,3,"96,39"
P228606,2016/8/20,2016/11/20,On_Time,Cargo3,Rejected,The_North,3,"96,39"
P228624,2016/12/30,2017/2/28,On_Time,Cargo5,Qualified,Thailand,1,"177,67"
P228654,2016/10/30,2016/12/30,On_Time,Cargo5,Qualified,Thailand,1,"141,38"
P228654,2016/10/30,2016/12/30,On_Time,Cargo5,Qualified,Thailand,1,"141,38"
P228747,2016/10/30,2016/12/30,On_Time,Cargo2,Rejected,The_East,2,"66,38"
P229366,2016/10/1,2016/11/30,On_Time,Cargo5,Qualified,Thailand,4,"183,77"
P229367,2016/10/1,2016/11/30,On_Time,Cargo5,Qualified,Thailand,1,"78,30"
P229367,2016/10/1,2016/11/30,On_Time,Cargo5,Qualified,Thailand,1,"78,30"
P229408,2016/8/19,2016/11/19,On_Time,Cargo2,Qualified,The_East,1,"2564,22"
P229638,2016/9/15,2016/12/15,On_Time,Cargo6,Rejected,Malaysia,1,"59,30"
P230151,2016/9/15,2016/12/15,On_Time,Cargo6,Qualified,Malaysia,1,"27,74"
P230159,2016/10/30,2016/12/30,On_Time,Cargo6,Qualified,Malaysia,1,"903,18"
P230159,2016/10/30,2016/12/30,On_Time,Cargo6,Qualified,Malaysia,2,"90,32"
P230172,2016/10/1,2016/11/30,On_Time,Cargo6,Qualified,Malaysia,1,"15,29"
P230174,2016/10/30,2016/12/30,On_Time,Cargo6,Qualified,Malaysia,1,"202,90"
P230189,2016/10/8,2017/1/8,Late,Cargo2,Qualified,The_East,1,"144,71"
P230289,2016/9/30,2016/11/30,On_Time,Cargo2,Qualified,The_East,2,"4,25"
P230289,2016/9/30,2016/11/30,On_Time,Cargo2,Qualified,The_East,4,"8,49"
P230950,2016/10/30,2016/12/30,On_Time,Cargo2,Rejected,The_East,2,"66,06"
P230964,2016/10/1,2016/11/30,On_Time,Cargo6,Rejected,Malaysia,1,"90,08"
P231032,2016/9/15,2016/12/15,On_Time,Cargo6,Rejected,Malaysia,2,"65,72"
P231035,2016/8/12,2016/11/12,On_Time,Cargo2,Rejected,The_East,2,"0,60"
P231035,2016/8/12,2016/11/12,On_Time,Cargo2,Rejected,The_East,1,"0,98"
P231068,2016/9/15,2016/12/15,On_Time,Cargo3,Qualified,The_North,8,"9,01"
P231093,2016/10/1,2016/11/30,On_Time,Cargo6,Rejected,Malaysia,2,"50,04"
P231093,2016/10/1,2016/11/30,On_Time,Cargo6,Rejected,Malaysia,3,"9,93"
P231220,2016/9/30,2016/11/30,On_Time,Cargo5,Rejected,Thailand,1,"95,39"
P231639,2016/9/15,2016/12/15,On_Time,Cargo6,Qualified,Malaysia,16,"1409,23"
P231647,2016/9/15,2016/12/15,On_Time,Cargo6,Rejected,Malaysia,1,"89,10"
P231652,2016/9/15,2016/12/15,On_Time,Cargo6,Rejected,Malaysia,3,"91,57"
P231656,2016/9/15,2016/12/15,On_Time,Cargo6,Rejected,Malaysia,5,"57,96"
P231735,2016/8/18,2016/11/18,On_Time,Cargo2,Qualified,The_East,1,"4,05"
P231744,2016/8/18,2016/11/18,On_Time,Cargo2,Qualified,The_East,1,"4,05"
P231762,2016/8/15,2016/11/15,On_Time,Cargo3,Qualified,The_North,1,"845,28"
P231768,2016/11/30,2017/1/30,On_Time,Cargo2,Qualified,The_East,4,"19,21"
P231775,2016/11/30,2017/1/30,On_Time,Cargo3,Qualified,The_North,10,"28,52"
P231775,2016/11/30,2017/1/30,On_Time,Cargo3,Qualified,The_North,20,"16,51"
P231780,2016/9/15,2016/12/15,On_Time,Cargo6,Rejected,Malaysia,50,"12,11"
P231780,2016/9/15,2016/12/15,On_Time,Cargo6,Rejected,Malaysia,15,"61,58"
P231812,2016/10/15,2017/1/15,On_Time,Cargo6,Qualified,Malaysia,1,"19,53"
P231832,2016/9/15,2016/12/15,On_Time,Cargo6,Qualified,Malaysia,2,"21,78"
P232332,2016/10/30,2016/12/30,On_Time,Cargo6,Qualified,Malaysia,2,"41,24"
P232347,2016/10/30,2016/12/30,On_Time,Cargo6,Qualified,Malaysia,1,"43,66"
P232350,2016/9/15,2016/12/15,On_Time,Cargo6,Rejected,Malaysia,2,"50,26"
P232350,2016/9/15,2016/12/15,On_Time,Cargo6,Rejected,Malaysia,4,"13,30"
P232351,2016/10/1,2016/11/30,On_Time,Cargo3,Qualified,The_North,4,"67,92"
P232351,2016/10/1,2016/11/30,On_Time,Cargo6,Qualified,Malaysia,1,"67,92"
P232396,2016/12/1,2017/1/31,On_Time,Cargo6,Rejected,Malaysia,2,"61,86"
P232406,2016/12/1,2017/1/31,On_Time,Cargo6,Rejected,Malaysia,2,"63,15"
P232443,2016/10/1,2016/11/30,On_Time,Cargo3,Qualified,The_North,2,"34,80"
P232488,2016/10/8,2017/1/8,Late,Cargo2,Rejected,The_East,2,"74,72"
P232498,2016/9/15,2016/12/15,On_Time,Cargo6,Qualified,Malaysia,1,"28,35"
P232515,2016/10/30,2016/12/30,On_Time,Cargo5,Qualified,Thailand,4,"128,88"
P232674,2016/10/1,2016/11/30,On_Time,Cargo5,Qualified,Thailand,1,"176,60"
P233144,2016/10/1,2016/11/30,On_Time,Cargo6,Qualified,Malaysia,2,"8,76"
P233150,2016/9/15,2016/12/15,On_Time,Cargo5,Callback,Thailand,1,"104,51"
P233168,2016/9/15,2016/12/15,On_Time,Cargo3,Qualified,The_North,1,"173,83"
P233187,2016/12/1,2017/1/31,On_Time,Cargo2,Qualified,The_East,2,"49,72"
P233187,2016/12/1,2017/1/31,On_Time,Cargo2,Qualified,The_East,2,"66,29"
P233261,2016/10/30,2016/12/30,On_Time,Cargo2,Qualified,The_East,4,"11,08"
P233268,2016/9/15,2016/12/15,On_Time,Cargo6,Qualified,Malaysia,1,"45,20"
P233304,2016/9/30,2016/11/30,On_Time,Cargo6,Qualified,Malaysia,1,"49,57"
P233482,2016/10/8,2017/1/8,Late,Cargo3,Qualified,The_North,1,"386,28"
P233945,2016/10/8,2017/1/8,Late,Cargo2,Qualified,The_East,1,"45,13"
P233949,2016/9/30,2016/11/30,On_Time,Cargo2,Qualified,The_East,1,"438,15"
P233951,2016/11/30,2017/1/30,On_Time,Cargo1,Callback,The_South,9,"3624,25"
P233951,2016/11/30,2017/1/30,On_Time,Cargo1,Callback,The_Northwest,9,"3624,26"
P233983,2016/11/23,2017/2/23,Late,Cargo2,Qualified,The_East,1,"1658,59"
P233983,2016/10/8,2017/1/8,Late,Cargo2,Qualified,The_East,1,"1658,59"
P234737,2016/9/15,2016/12/15,On_Time,Cargo6,Qualified,Malaysia,3,"46,82"
P234737,2016/9/15,2016/12/15,On_Time,Cargo6,Qualified,Malaysia,200,"150,67"
P234747,2016/10/30,2016/12/30,On_Time,Cargo6,Rejected,Malaysia,5,"77,27"
P234785,2016/9/15,2016/12/15,On_Time,Cargo5,Qualified,Thailand,3,"47,20"
P234785,2016/9/15,2016/12/15,On_Time,Cargo5,Qualified,Thailand,200,"80,37"
P234838,2016/9/30,2016/11/30,On_Time,Cargo3,Qualified,The_North,1,"426,26"
P234944,2016/8/22,2016/11/22,On_Time,Cargo2,Qualified,The_East,4,"9,64"
P234944,2016/8/22,2016/11/22,On_Time,Cargo2,Qualified,The_East,2,"36,76"
P235329,2016/10/30,2016/12/30,On_Time,Cargo5,Qualified,Thailand,2,"339,89"
P235340,2016/8/15,2016/11/15,On_Time,Cargo5,Qualified,Thailand,10,"193,00"
P235364,2016/9/30,2016/11/30,On_Time,Cargo2,Qualified,The_East,1,"186,82"
P235376,2016/10/30,2016/12/30,On_Time,Cargo6,Qualified,Malaysia,5,"20,01"
P235379,2016/9/20,2016/12/20,On_Time,Cargo5,Qualified,Thailand,1,"183,24"
P235435,2016/12/30,2017/2/28,On_Time,Cargo2,Qualified,The_East,4,"21,15"
P235435,2016/12/30,2017/2/28,On_Time,Cargo2,Qualified,The_East,4,"21,15"
P235439,2016/10/30,2016/12/30,On_Time,Cargo5,Qualified,Thailand,2,"60,42"
P235439,2016/10/30,2016/12/30,On_Time,Cargo5,Qualified,Thailand,4,"120,85"
P235661,2016/9/30,2016/11/30,Late,Cargo2,Qualified,The_East,2,"49,88"
P235735,2016/10/20,2017/1/20,On_Time,Cargo3,Qualified,The_North,1,"323,91"
P236122,2016/10/1,2016/11/30,On_Time,Cargo2,Qualified,The_East,1,"116,04"
P236136,2016/9/20,2016/12/20,On_Time,Cargo6,Qualified,Malaysia,1,"1311,09"
P236161,2016/10/25,2016/12/25,On_Time,Cargo6,Rejected,Malaysia,100,"56,68"
P236192,2016/9/30,2016/11/30,On_Time,Cargo2,Qualified,The_East,1,"147,69"
P236216,2016/10/30,2016/12/30,On_Time,Cargo2,Qualified,The_East,1,"39,18"
P236271,2016/10/30,2016/12/30,On_Time,Cargo5,Qualified,Thailand,1,"392,42"
P236317,2016/9/12,2016/12/12,On_Time,Cargo3,Qualified,The_North,6,"198,18"
P236361,2016/10/12,2017/1/12,On_Time,Cargo3,Callback,The_North,1,"112,48"
P236856,2016/10/30,2016/12/30,On_Time,Cargo3,Qualified,The_North,2,"128,90"
P236866,2016/10/1,2016/11/30,On_Time,Cargo5,Callback,Thailand,1,"43,05"
P236866,2016/10/1,2016/11/30,On_Time,Cargo5,Callback,Thailand,1,"59,55"
P236902,2016/10/30,2016/12/30,Late,Cargo4,Callback,The_Northwest,1,"707,30"
P236962,2016/10/30,2016/12/30,On_Time,Cargo6,Rejected,Malaysia,1,"40,86"
P236962,2016/10/30,2016/12/30,On_Time,Cargo6,Rejected,Malaysia,1,"24,33"
P236964,2016/10/30,2016/12/30,Late,Cargo4,Callback,The_Northwest,1,"203,28"
P236964,2016/10/30,2016/12/30,Late,Cargo4,Callback,The_Northwest,1,"203,28"
P237647,2016/12/30,2017/2/28,On_Time,Cargo5,Qualified,Thailand,1,"164,10"
P237724,2016/10/30,2016/12/30,On_Time,Cargo5,Callback,Thailand,1,"101,87"
P237725,2016/10/30,2016/12/30,On_Time,Cargo5,Callback,Thailand,1,"107,34"
P237726,2016/9/13,2016/12/13,On_Time,Cargo6,Rejected,Malaysia,1,"58,01"
P237729,2016/9/15,2016/12/15,On_Time,Cargo5,Qualified,Thailand,5,"125,28"
P237732,2016/10/10,2017/1/10,On_Time,Cargo2,Qualified,The_East,80,"140,71"
P237736,2016/10/30,2016/12/30,On_Time,Cargo6,Qualified,Malaysia,1,"38,55"
P237736,2016/10/30,2016/12/30,On_Time,Cargo6,Qualified,Malaysia,3,"9,64"
P237746,2016/10/30,2016/12/30,On_Time,Cargo3,Qualified,The_North,1,"14,01"
P237747,2016/10/30,2016/12/30,On_Time,Cargo5,Qualified,Thailand,1,"374,32"
P237770,2016/11/18,2017/2/18,On_Time,Cargo3,Qualified,The_North,1,"213,10"
P237770,2016/11/18,2017/2/18,Late,Cargo3,Qualified,The_North,1,"23,90"
P237775,2016/9/15,2016/12/15,On_Time,Cargo3,Rejected,The_North,2,"81,61"
P238419,2016/10/30,2016/12/30,Late,Cargo4,Callback,The_Northwest,1000,"445,37"
P238419,2016/10/30,2016/12/30,Late,Cargo4,Callback,The_Northwest,10,"2,57"
P238422,2016/10/30,2016/12/30,Late,Cargo4,Callback,The_Northwest,4,"137,72"
P238422,2016/10/30,2016/12/30,Late,Cargo4,Callback,The_Northwest,500,"373,95"
P238454,2016/9/15,2016/12/15,On_Time,Cargo5,Qualified,Thailand,20,"107,95"
P238454,2016/9/15,2016/12/15,On_Time,Cargo5,Qualified,Thailand,20,"61,69"
P238457,2016/10/30,2016/12/30,On_Time,Cargo6,Qualified,Malaysia,1,"1015,25"
P238525,2016/9/15,2016/12/15,On_Time,Cargo2,Qualified,The_East,2,"167,07"
P238527,2016/11/15,2017/2/15,On_Time,Cargo2,Qualified,The_East,4,"2,71"
P238527,2016/11/15,2017/2/15,On_Time,Cargo2,Qualified,The_East,4,"2,71"
P238559,2016/10/24,2017/1/24,On_Time,Cargo3,Qualified,The_North,1,"131,67"
P238570,2016/10/30,2016/12/30,On_Time,Cargo5,Qualified,Thailand,100,"200,82"
P238570,2016/10/30,2016/12/30,On_Time,Cargo5,Qualified,Thailand,100,"116,83"
P238587,2016/10/30,2016/12/30,On_Time,Cargo5,Qualified,Thailand,1,"366,88"
P239185,2016/10/15,2017/1/15,On_Time,Cargo5,Qualified,Thailand,1,"514,41"
P239186,2016/10/15,2017/1/15,On_Time,Cargo5,Qualified,Thailand,1,"302,39"
P239191,2016/10/15,2017/1/15,On_Time,Cargo6,Qualified,Malaysia,1,"27,13"
P239191,2016/10/15,2017/1/15,On_Time,Cargo6,Qualified,Malaysia,1,"27,13"
P239233,2016/9/15,2016/12/15,On_Time,Cargo5,Qualified,Thailand,3,"255,99"
P239246,2016/9/30,2016/11/30,Late,Cargo3,Qualified,The_North,1,"1229,95"
P239246,2016/9/30,2016/11/30,Late,Cargo3,Qualified,The_North,1,"1229,95"
P239258,2016/9/15,2016/12/15,On_Time,Cargo5,Rejected,Thailand,3,"97,88"
P239273,2016/10/30,2016/12/30,On_Time,Cargo3,Rejected,The_North,1,"70,54"
P239427,2016/10/30,2016/12/30,On_Time,Cargo3,Qualified,The_North,1,"45,48"
P239442,2016/8/30,2016/10/30,Late,Cargo3,Qualified,The_North,1,"29,47"
P239454,2016/8/30,2016/10/30,Late,Cargo3,Qualified,The_North,2,"174,58"
P239475,2016/8/30,2016/10/30,Late,Cargo3,Qualified,The_North,1,"152,54"
P240011,2016/10/1,2016/11/30,On_Time,Cargo6,Rejected,Malaysia,1,"52,57"
P240011,2016/10/1,2016/11/30,On_Time,Cargo6,Rejected,Malaysia,56,"37,26"
P240025,2016/10/30,2016/12/30,On_Time,Cargo5,Qualified,Thailand,600,"23,07"
P240025,2016/10/30,2016/12/30,On_Time,Cargo5,Qualified,Thailand,1,"314,54"
P240310,2016/9/30,2016/11/30,On_Time,Cargo2,Rejected,The_East,2,"0,60"
P240310,2016/9/30,2016/11/30,On_Time,Cargo2,Rejected,The_East,1,"2,63"
P240875,2016/9/15,2016/12/15,On_Time,Cargo5,Qualified,Thailand,1,"112,68"
P240875,2016/9/15,2016/12/15,On_Time,Cargo5,Qualified,Thailand,1,"112,68"
P240901,2016/10/1,2016/11/30,On_Time,Cargo6,Qualified,Malaysia,1,"27,04"
P240931,2016/12/30,2017/2/28,Late,Cargo4,Callback,The_Northwest,1,"746,69"
P241709,2016/10/14,2017/1/14,Late,Cargo2,Qualified,The_East,2,"465,27"
P241713,2016/9/5,2016/12/5,On_Time,Cargo3,Qualified,The_North,1,"116,85"
P241715,2016/9/15,2016/12/15,On_Time,Cargo3,Qualified,The_North,1,"116,85"
P241722,2016/9/15,2016/12/15,On_Time,Cargo6,Rejected,Malaysia,1,"87,12"
P242616,2016/11/30,2017/1/30,On_Time,Cargo3,Rejected,The_North,2,"10,03"
P242616,2016/11/30,2017/1/30,On_Time,Cargo3,Rejected,The_North,2,"74,84"
P242812,2016/10/30,2016/12/30,On_Time,Cargo5,Qualified,Thailand,1,"186,55"
P242812,2016/10/30,2016/12/30,On_Time,Cargo5,Qualified,Thailand,2,"209,61"
P242823,2016/10/30,2016/12/30,On_Time,Cargo6,Rejected,Malaysia,2,"66,54"
P243354,2016/9/20,2016/12/20,On_Time,Cargo3,Qualified,The_North,350,"65,53"
P243354,2016/9/20,2016/12/20,On_Time,Cargo3,Qualified,The_North,350,"65,53"
P243400,2016/9/15,2016/12/15,On_Time,Cargo6,Qualified,Malaysia,4,"34,82"
P243414,2016/10/15,2017/1/15,On_Time,Cargo5,Qualified,Thailand,4,"124,51"
P243420,2016/9/15,2016/12/15,On_Time,Cargo2,Rejected,The_East,1,"73,78"
P243474,2016/10/30,2016/12/30,On_Time,Cargo2,Qualified,The_East,2,"4,31"
P243488,2016/10/30,2016/12/30,On_Time,Cargo5,Qualified,Thailand,2,"183,84"
P243624,2016/10/30,2016/12/30,On_Time,Cargo5,Callback,Thailand,1,"102,41"
P243691,2016/9/6,2016/12/6,On_Time,Cargo3,Qualified,The_North,1,"19,47"
P244261,2016/10/1,2016/11/30,On_Time,Cargo1,Callback,The_Northwest,1,"9221,69"
P244292,2016/9/15,2016/12/15,On_Time,Cargo6,Qualified,Malaysia,1,"25,61"
P244292,2016/9/15,2016/12/15,On_Time,Cargo6,Qualified,Malaysia,1,"25,61"
P244336,2016/12/30,2017/2/28,On_Time,Cargo5,Qualified,Thailand,1,"269,64"
P244336,2016/12/30,2017/2/28,On_Time,Cargo5,Qualified,Thailand,1,"269,64"
P244345,2016/12/30,2017/2/28,On_Time,Cargo6,Qualified,Malaysia,1,"914,06"
P244455,2016/10/30,2016/12/30,On_Time,Cargo6,Rejected,Malaysia,1,"71,53"
P244499,2016/10/30,2016/12/30,On_Time,Cargo5,Qualified,Thailand,1,"139,43"
P244499,2016/10/30,2016/12/30,On_Time,Cargo5,Qualified,Thailand,1,"71,83"
P245064,2016/11/30,2017/1/30,On_Time,Cargo6,Qualified,Malaysia,3,"37,43"
P245067,2016/11/30,2017/1/30,On_Time,Cargo6,Qualified,Malaysia,1,"25,38"
P245070,2016/10/30,2016/12/30,On_Time,Cargo6,Qualified,Malaysia,16,"26,62"
P245076,2016/10/30,2016/12/30,On_Time,Cargo3,Qualified,The_North,1,"4,29"
P245076,2016/10/30,2016/12/30,On_Time,Cargo3,Qualified,The_North,1,"6,14"
P245108,2016/11/10,2017/2/10,On_Time,Cargo2,Qualified,The_East,16,"2819,34"
P245128,2016/11/10,2017/2/10,On_Time,Cargo2,Qualified,The_East,16,"2819,34"
P245133,2016/10/12,2017/1/12,On_Time,Cargo6,Qualified,Malaysia,1,"21,75"
P245133,2016/10/12,2017/1/12,On_Time,Cargo6,Qualified,Malaysia,3,"19,19"
P245258,2016/11/15,2017/2/15,On_Time,Cargo5,Qualified,Thailand,3,"168,07"
P245915,2016/10/30,2016/12/30,On_Time,Cargo2,Qualified,The_East,4,"0,51"
P245915,2016/10/30,2016/12/30,On_Time,Cargo2,Qualified,The_East,8,"12,29"
P245919,2016/10/30,2016/12/30,On_Time,Cargo3,Qualified,The_North,1,"25,21"
P246023,2016/10/10,2017/1/10,On_Time,Cargo3,Qualified,The_North,1,"8,78"
P246131,2016/10/30,2016/12/30,On_Time,Cargo6,Qualified,Malaysia,1,"12,16"
P246131,2016/10/30,2016/12/30,On_Time,Cargo6,Qualified,Malaysia,1,"4,49"
P246665,2016/10/20,2017/1/20,On_Time,Cargo2,Qualified,The_East,12,"22,46"
P246666,2016/10/20,2017/1/20,On_Time,Cargo2,Qualified,The_East,12,"22,46"
P246666,2016/10/20,2017/1/20,On_Time,Cargo2,Qualified,The_East,12,"22,46"
P246672,2016/11/11,2017/2/11,On_Time,Cargo5,Qualified,Thailand,1,"330,22"
P246678,2016/10/15,2017/1/15,On_Time,Cargo6,Qualified,Malaysia,20,"16,47"
P246733,2016/9/15,2016/12/15,On_Time,Cargo5,Callback,Thailand,5,"108,94"
P246741,2016/9/15,2016/12/15,On_Time,Cargo6,Qualified,Malaysia,5,"15,87"
P246741,2016/9/15,2016/12/15,On_Time,Cargo6,Qualified,Malaysia,8,"20,48"
P246758,2016/10/30,2016/12/30,On_Time,Cargo6,Qualified,Malaysia,2,"5,38"
P246758,2016/10/30,2016/12/30,On_Time,Cargo6,Qualified,Malaysia,14,"13,63"
P246773,2016/10/14,2017/1/14,On_Time,Cargo3,Callback,The_North,18,"103,67"
P246800,2016/10/15,2017/1/15,On_Time,Cargo5,Callback,Thailand,1,"104,94"
P246840,2016/10/30,2016/12/30,On_Time,Cargo3,Qualified,The_North,5,"35,84"
P246940,2016/10/30,2016/12/30,On_Time,Cargo3,Qualified,The_North,500,"24,33"
P247031,2016/12/14,2017/3/14,On_Time,Cargo2,Qualified,The_East,1,"11,89"
P247031,2016/12/14,2017/3/14,On_Time,Cargo2,Qualified,The_East,1,"11,89"
P247478,2016/11/30,2017/1/30,On_Time,Cargo2,Qualified,The_East,268,"20,06"
P247478,2016/11/30,2017/1/30,On_Time,Cargo2,Qualified,The_East,268,"20,06"
P247547,2016/11/21,2017/2/21,On_Time,Cargo3,Qualified,The_North,1,"1399,16"
P248422,2016/12/30,2017/2/28,On_Time,Cargo2,Qualified,The_East,1,"1119,58"
P248427,2016/10/20,2017/1/20,On_Time,Cargo3,Rejected,The_North,16,"3,36"
P248433,2016/12/10,2017/3/10,On_Time,Cargo3,Qualified,The_North,224,"147,91"
P248438,2016/10/10,2017/1/10,On_Time,Cargo2,Qualified,The_East,4,"7,50"
P248442,2016/10/30,2016/12/30,On_Time,Cargo6,Rejected,Malaysia,100,"70,55"
P248552,2016/10/30,2016/12/30,On_Time,Cargo2,Qualified,The_East,1,"38,53"
P248604,2016/9/14,2016/12/14,On_Time,Cargo2,Callback,The_East,1,"3078,36"
P248604,2016/9/14,2016/12/14,On_Time,Cargo2,Callback,The_East,1,"641,33"
P248633,2016/10/27,2016/12/27,On_Time,Cargo2,Callback,The_East,1,"3078,36"
P248633,2016/10/27,2016/12/27,On_Time,Cargo2,Callback,The_East,1,"641,33"
P248661,2016/10/15,2017/1/15,On_Time,Cargo6,Qualified,Malaysia,1,"13,47"
P248675,2016/10/30,2016/12/30,On_Time,Cargo3,Qualified,The_North,300,"13,46"
P248675,2016/10/30,2016/12/30,On_Time,Cargo3,Qualified,The_North,240,"23,41"
P248760,2016/9/15,2016/12/15,On_Time,Cargo6,Qualified,Malaysia,4,"37,52"
P249235,2016/10/10,2017/1/10,On_Time,Cargo3,Qualified,The_North,1,"346,32"
P249240,2016/10/15,2017/1/15,Late,Cargo2,Callback,The_East,4,"4722,18"
P249505,2016/12/30,2017/2/28,On_Time,Cargo5,Qualified,Thailand,3,"147,74"
P249549,2016/10/15,2017/1/15,On_Time,Cargo6,Qualified,Malaysia,1,"1305,87"
P249575,2016/10/15,2017/1/15,On_Time,Cargo5,Qualified,Thailand,2,"120,08"
P250916,2016/11/28,2017/1/28,On_Time,Cargo2,Qualified,The_East,1,"729,24"
P250921,2016/10/17,2017/1/17,On_Time,Cargo6,Qualified,Malaysia,2,"4,15"
P250921,2016/10/17,2017/1/17,On_Time,Cargo6,Qualified,Malaysia,4,"8,30"
P250941,2016/10/10,2017/1/10,On_Time,Cargo3,Qualified,The_North,1,"161,70"
P251034,2016/12/1,2017/1/31,On_Time,Cargo3,Qualified,The_North,20,"551,17"
P251069,2016/10/18,2017/1/18,On_Time,Cargo2,Qualified,The_East,1,"22,00"
P251083,2016/12/30,2017/2/28,Late,Cargo4,Callback,The_Northwest,1,"449,59"
P251130,2016/11/15,2017/2/15,On_Time,Cargo3,Callback,The_North,2,"115,99"
P251145,2016/10/15,2017/1/15,On_Time,Cargo6,Qualified,Malaysia,1,"21,71"
P251740,2016/12/9,2017/3/9,On_Time,Cargo2,Qualified,The_East,1,"363,33"
P251795,2016/9/23,2016/12/23,On_Time,Cargo3,Qualified,The_North,600,"430,09"
P251926,2016/10/15,2017/1/15,On_Time,Cargo5,Qualified,Thailand,1,"193,31"
P251928,2016/10/8,2017/1/8,Late,Cargo3,Rejected,The_North,1,"69,93"
P251937,2016/12/30,2017/2/28,On_Time,Cargo3,Qualified,The_North,4,"22,33"
P251937,2016/12/30,2017/2/28,On_Time,Cargo3,Qualified,The_North,4,"22,33"
P251956,2016/11/18,2017/2/18,Late,Cargo3,Qualified,The_North,1,"31,47"
P251956,2016/11/18,2017/2/18,On_Time,Cargo3,Qualified,The_North,1,"206,13"
P251989,2016/12/30,2017/2/28,On_Time,Cargo3,Qualified,The_North,4,"16,78"
P252562,2016/10/15,2017/1/15,On_Time,Cargo6,Qualified,Malaysia,10,"54,48"
P252569,2016/11/15,2017/2/15,On_Time,Cargo2,Callback,The_East,43,"2124,69"
P252569,2016/11/15,2017/2/15,On_Time,Cargo2,Callback,The_East,43,"2035,13"
P252575,2016/11/28,2017/1/28,On_Time,Cargo2,Qualified,The_East,1,"13,75"
P252578,2016/12/1,2017/1/31,On_Time,Cargo2,Qualified,The_East,1,"358,47"
P252578,2016/12/1,2017/1/31,On_Time,Cargo2,Qualified,The_East,1,"12,16"
P252602,2016/11/15,2017/2/15,Late,Cargo4,Callback,The_Northwest,1,"448,09"
P252656,2016/10/30,2016/12/30,On_Time,Cargo2,Rejected,The_East,1,"70,30"
P252656,2016/10/30,2016/12/30,On_Time,Cargo2,Rejected,The_East,1,"25,02"
P252688,2016/11/30,2017/1/30,On_Time,Cargo2,Qualified,The_East,4,"8,99"
P252688,2016/11/30,2017/1/30,On_Time,Cargo2,Qualified,The_East,4,"8,99"
P252694,2016/9/21,2016/12/21,On_Time,Cargo3,Qualified,The_North,2,"339,15"
P252722,2016/10/8,2017/1/8,Late,Cargo2,Qualified,The_East,2,"2772,09"
P252725,2016/12/10,2017/3/10,On_Time,Cargo3,Qualified,The_North,1,"651,13"
P252887,2016/10/15,2017/1/15,Late,Cargo4,Callback,The_Northwest,1000,"443,68"
P252887,2016/10/15,2017/1/15,Late,Cargo4,Callback,The_Northwest,20,"5,12"
P255090,2016/11/15,2017/2/15,On_Time,Cargo2,Qualified,The_East,1,"1146,38"
P255101,2016/10/15,2017/1/15,On_Time,Cargo5,Qualified,Thailand,500,"271,38"
P255102,2016/12/30,2017/2/28,On_Time,Cargo2,Rejected,The_East,1,"82,14"
P255105,2016/10/8,2017/1/8,On_Time,Cargo2,Qualified,The_East,1,"335,64"
P255108,2016/10/15,2017/1/15,On_Time,Cargo5,Qualified,Thailand,500,"372,68"
P255120,2016/12/30,2017/2/28,On_Time,Cargo3,Qualified,The_North,1,"25,62"
P255136,2016/10/15,2017/1/15,On_Time,Cargo3,Qualified,The_North,1,"152,55"
P255181,2016/10/10,2017/1/10,On_Time,Cargo3,Rejected,The_North,1,"3,60"
P255182,2016/10/8,2017/1/8,On_Time,Cargo2,Rejected,The_East,2,"76,89"
P255190,2016/12/1,2017/1/31,On_Time,Cargo6,Rejected,Malaysia,4,"69,71"
P255195,2016/10/15,2017/1/15,On_Time,Cargo6,Qualified,Malaysia,1,"27,55"
P255242,2016/11/15,2017/2/15,On_Time,Cargo6,Qualified,Malaysia,1,"23,07"
P255253,2016/10/15,2017/1/15,Late,Cargo4,Callback,The_Northwest,2,"449,79"
P255327,2016/12/30,2017/2/28,On_Time,Cargo3,Qualified,The_North,1,"401,54"
P255377,2016/10/15,2017/1/15,On_Time,Cargo6,Qualified,Malaysia,1,"1304,39"
P255428,2016/12/1,2017/1/31,On_Time,Cargo3,Rejected,The_North,300,"19,21"
P255428,2016/12/1,2017/1/31,On_Time,Cargo6,Rejected,Malaysia,1,"40,21"
P255429,2016/10/15,2017/1/15,On_Time,Cargo6,Qualified,Malaysia,1,"20,51"
P255429,2016/10/15,2017/1/15,On_Time,Cargo6,Qualified,Malaysia,1,"20,51"
P255474,2016/10/15,2017/1/15,On_Time,Cargo3,Qualified,The_North,1,"939,61"
P255474,2016/10/15,2017/1/15,On_Time,Cargo3,Qualified,The_North,1,"939,61"
P255490,2016/10/30,2016/12/30,On_Time,Cargo6,Qualified,Malaysia,1,"13,84"
P255538,2016/10/15,2017/1/15,On_Time,Cargo6,Qualified,Malaysia,2,"14,35"
P256151,2016/9/20,2016/12/20,Late,Cargo3,Qualified,The_North,1,"889,13"
P256164,2016/11/20,2017/2/20,On_Time,Cargo2,Qualified,The_East,1,"36,13"
P256188,2016/12/1,2017/1/31,On_Time,Cargo3,Qualified,The_North,1,"2248,65"
P256236,2016/10/25,2016/12/25,On_Time,Cargo2,Qualified,The_East,1,"200,79"
P257139,2016/12/1,2017/1/31,On_Time,Cargo6,Rejected,Malaysia,60,"85,44"
P257145,2016/10/15,2017/1/15,On_Time,Cargo6,Qualified,Malaysia,1,"1,92"
P257145,2016/10/15,2017/1/15,On_Time,Cargo6,Qualified,Malaysia,1,"23,07"
P257208,2016/10/15,2017/1/15,On_Time,Cargo2,Qualified,The_East,4,"9,23"
P257208,2016/10/15,2017/1/15,On_Time,Cargo2,Qualified,The_East,4,"32,18"
P257209,2016/12/21,2017/3/21,On_Time,Cargo5,Qualified,Thailand,144,"262,89"
P257239,2016/10/13,2017/1/13,On_Time,Cargo6,Qualified,Malaysia,8,"13,84"
P257356,2016/11/30,2017/1/30,On_Time,Cargo2,Rejected,The_East,110,"49,47"
P257356,2016/11/30,2017/1/30,On_Time,Cargo2,Rejected,The_East,110,"49,47"
P258069,2016/10/20,2017/1/20,On_Time,Cargo3,Qualified,The_North,266,"171,50"
P258160,2016/12/1,2017/1/31,On_Time,Cargo3,Qualified,The_North,12,"7,92"
P258182,2016/11/30,2017/1/30,On_Time,Cargo6,Rejected,Malaysia,10,"54,53"
P259120,2016/10/15,2017/1/15,On_Time,Cargo6,Qualified,Malaysia,1,"16,27"
P259167,2016/12/1,2017/1/31,On_Time,Cargo5,Callback,Thailand,1,"107,95"
P259264,2016/12/1,2017/1/31,On_Time,Cargo6,Rejected,Malaysia,1,"17,43"
P259264,2016/12/1,2017/1/31,On_Time,Cargo6,Rejected,Malaysia,2,"43,57"
P259279,2016/11/10,2017/2/10,On_Time,Cargo2,Qualified,The_East,134,"10,05"
P259279,2016/11/10,2017/2/10,On_Time,Cargo2,Qualified,The_East,134,"10,05"
P259303,2016/12/19,2017/3/19,On_Time,Cargo2,Rejected,The_East,2,"43,48"
P259303,2016/12/19,2017/3/19,On_Time,Cargo2,Rejected,The_East,2,"43,48"
P259318,2016/10/29,2016/12/29,On_Time,Cargo5,Qualified,Thailand,1,"96,40"
P259318,2016/10/29,2016/12/29,Late,Cargo5,Qualified,Thailand,1,"96,40"
P260011,2016/12/30,2017/2/28,On_Time,Cargo3,Qualified,The_North,1,"48,19"
P260079,2016/10/15,2017/1/15,On_Time,Cargo6,Qualified,Malaysia,4,"13,33"
P260081,2016/11/10,2017/2/10,On_Time,Cargo3,Qualified,The_North,1,"276,21"
P260081,2016/11/10,2017/2/10,On_Time,Cargo3,Qualified,The_North,1,"329,59"
P260100,2016/10/15,2017/1/15,On_Time,Cargo6,Qualified,Malaysia,10,"10,24"
P260105,2016/10/15,2017/1/15,On_Time,Cargo6,Qualified,Malaysia,1,"30,76"
P260970,2016/12/1,2017/1/31,On_Time,Cargo5,Qualified,Thailand,4,"107,81"
P260970,2016/12/1,2017/1/31,On_Time,Cargo5,Qualified,Thailand,50,"134,48"
P260975,2016/11/10,2017/2/10,On_Time,Cargo6,Callback,Malaysia,2,"44,99"
P260975,2016/11/10,2017/2/10,On_Time,Cargo2,Callback,The_East,2,"61,42"
P261876,2016/12/1,2017/1/31,On_Time,Cargo3,Qualified,The_North,1,"151,64"
P261891,2016/11/15,2017/2/15,On_Time,Cargo3,Qualified,The_North,2,"14,03"
P261891,2016/11/15,2017/2/15,On_Time,Cargo3,Qualified,The_North,2,"14,03"
P261893,2016/11/11,2017/2/11,On_Time,Cargo3,Qualified,The_North,1,"11,77"
P261904,2016/12/30,2017/2/28,On_Time,Cargo5,Callback,Thailand,5,"109,01"
P261929,2016/12/1,2017/1/31,On_Time,Cargo5,Rejected,Thailand,2,"69,98"
P261929,2016/12/1,2017/1/31,On_Time,Cargo5,Rejected,Thailand,1,"29,37"
P262232,2016/12/1,2017/1/31,On_Time,Cargo6,Qualified,Malaysia,1,"32,02"
P262232,2016/12/1,2017/1/31,On_Time,Cargo6,Qualified,Malaysia,1,"3,33"
P263936,2016/12/30,2017/2/28,Late,Cargo4,Callback,The_Northwest,20,"668,51"
P263958,2016/11/15,2017/2/15,On_Time,Cargo2,Qualified,The_East,191,"144,96"
P263958,2016/11/15,2017/2/15,On_Time,Cargo2,Qualified,The_East,191,"144,96"
P263985,2016/10/15,2017/1/15,On_Time,Cargo3,Qualified,The_North,1,"153,60"
P268678,2016/11/15,2017/2/15,Late,Cargo4,Callback,The_Northwest,1,"755,45"
P268732,2016/12/15,2017/3/15,On_Time,Cargo5,Qualified,Thailand,1,"226,92"
P268736,2016/11/5,2017/2/5,Late,Cargo5,Qualified,Thailand,1,"345,05"
P268751,2016/12/1,2017/1/31,On_Time,Cargo3,Rejected,The_North,1,"96,42"
P268754,2016/11/25,2017/1/25,Late,Cargo6,Qualified,Malaysia,1,"52,46"
P268755,2016/10/15,2017/1/15,On_Time,Cargo3,Qualified,The_North,2,"163,45"
P268756,2016/10/15,2017/1/15,On_Time,Cargo3,Rejected,The_North,1,"88,05"
P268761,2016/11/5,2017/2/5,Late,Cargo5,Callback,Thailand,1,"104,92"
P268766,2016/12/1,2017/1/31,On_Time,Cargo2,Qualified,The_East,1,"14,62"
P268769,2016/12/28,2017/2/28,Late,Cargo6,Rejected,Malaysia,1,"59,96"
P268783,2016/12/1,2017/1/31,On_Time,Cargo2,Rejected,The_East,1,"69,60"
P268784,2016/10/15,2017/1/15,On_Time,Cargo3,Qualified,The_North,3,"12,88"
P268785,2016/12/1,2017/1/31,On_Time,Cargo2,Rejected,The_East,1,"74,95"
P268823,2016/12/15,2017/3/15,Late,Cargo4,Callback,The_Northwest,20,"581,49"
P268828,2016/11/15,2017/2/15,On_Time,Cargo6,Qualified,Malaysia,1,"27,38"
P268841,2016/12/15,2017/3/15,On_Time,Cargo6,Qualified,Malaysia,1,"50,13"
P269001,2016/11/15,2017/2/15,On_Time,Cargo5,Qualified,Thailand,1,"190,52"
P269580,2016/10/15,2017/1/15,On_Time,Cargo5,Qualified,Thailand,1,"157,06"
P269606,2016/12/1,2017/1/31,Late,Cargo6,Qualified,Malaysia,313,"1012,31"
P270687,2016/12/1,2017/1/31,On_Time,Cargo6,Qualified,Malaysia,1,"1372,98"
P270759,2016/12/1,2017/1/31,On_Time,Cargo6,Rejected,Malaysia,1,"76,44"
P271594,2016/10/17,2017/1/17,On_Time,Cargo2,Qualified,The_East,2,"46,69"
P272232,2016/12/1,2017/1/31,On_Time,Cargo5,Qualified,Thailand,1,"288,48"
P272240,2016/12/15,2017/3/15,Late,Cargo2,Qualified,The_East,1,"237,89"
P272240,2016/11/22,2017/2/22,Late,Cargo2,Qualified,The_East,1,"237,89"
P272267,2016/12/1,2017/1/31,On_Time,Cargo5,Rejected,Thailand,1,"98,19"
P272359,2016/12/10,2017/3/10,On_Time,Cargo3,Qualified,The_North,1260,"333,83"
P273040,2016/11/5,2017/2/5,Late,Cargo6,Qualified,Malaysia,1,"32,21"
P273050,2016/12/1,2017/1/31,On_Time,Cargo3,Callback,The_North,1,"105,16"
P273051,2016/11/30,2017/1/30,On_Time,Cargo3,Rejected,The_North,2,"73,23"
P273061,2016/12/30,2017/2/28,Late,Cargo4,Callback,The_Northwest,4,"583,53"
P273122,2016/11/8,2017/2/8,On_Time,Cargo3,Qualified,The_North,2,"31,97"
P273161,2016/11/15,2017/2/15,On_Time,Cargo2,Qualified,The_East,5,"24,10"
P273202,2016/10/24,2017/1/24,On_Time,Cargo5,Qualified,Thailand,2,"205,51"
P273339,2016/11/15,2017/2/15,On_Time,Cargo3,Qualified,The_North,1,"357,73"
P273931,2016/12/30,2017/2/28,On_Time,Cargo2,Qualified,The_East,1,"11,07"
P273980,2016/12/19,2017/3/19,On_Time,Cargo2,Qualified,The_East,4,"22,86"
P273980,2016/12/19,2017/3/19,On_Time,Cargo2,Qualified,The_East,2,"4,60"
P274062,2016/12/1,2017/1/31,On_Time,Cargo3,Qualified,The_North,21,"36,29"
P274089,2016/12/30,2017/2/28,On_Time,Cargo6,Qualified,Malaysia,1,"45,04"
P274202,2016/11/15,2017/2/15,On_Time,Cargo5,Qualified,Thailand,1,"154,81"
P274973,2016/11/15,2017/2/15,On_Time,Cargo2,Qualified,The_East,4,"76,73"
P274973,2016/11/15,2017/2/15,On_Time,Cargo2,Qualified,The_East,4,"76,73"
P275847,2016/11/30,2017/1/30,On_Time,Cargo3,Qualified,The_North,1,"306,49"
P275918,2016/10/24,2017/1/24,On_Time,Cargo2,Qualified,The_East,2,"2307,36"
P276849,2016/12/25,2017/2/25,On_Time,Cargo3,Qualified,The_North,1,"8,67"
P277636,2016/12/15,2017/3/15,On_Time,Cargo5,Qualified,Thailand,5,"125,03"
P277636,2016/12/15,2017/3/15,On_Time,Cargo5,Qualified,Thailand,5,"125,03"
P277702,2016/12/1,2017/1/31,Late,Cargo4,Callback,The_Northwest,1,"788,26"
P277720,2016/12/15,2017/3/15,On_Time,Cargo5,Qualified,Thailand,50,"79,01"
P277720,2016/12/15,2017/3/15,On_Time,Cargo5,Qualified,Thailand,2,"71,60"
P277851,2016/12/1,2017/1/31,On_Time,Cargo2,Qualified,The_East,2,"309,57"
P277851,2016/12/1,2017/1/31,On_Time,Cargo2,Qualified,The_East,2,"1031,91"
P277861,2016/11/15,2017/2/15,On_Time,Cargo3,Qualified,The_North,1,"296,18"
P277941,2016/12/25,2017/2/25,On_Time,Cargo2,Rejected,The_East,6000,"87,69"
P278712,2016/12/1,2017/1/31,On_Time,Cargo6,Qualified,Malaysia,1,"6,31"
P278911,2016/12/30,2017/2/28,On_Time,Cargo6,Qualified,Malaysia,1,"1289,40"
P279648,2016/12/30,2017/2/28,On_Time,Cargo2,Qualified,The_East,1,"439,20"
P279759,2016/12/30,2017/2/28,On_Time,Cargo4,Callback,The_Northwest,1,"732,34"
P279861,2016/11/15,2017/2/15,On_Time,Cargo2,Rejected,The_East,1,"80,28"
P280441,2016/12/30,2017/2/28,On_Time,Cargo3,Qualified,The_North,4,"16,53"
P280444,2016/11/21,2017/2/21,On_Time,Cargo5,Qualified,Thailand,1,"341,10"
P280484,2016/11/15,2017/2/15,On_Time,Cargo2,Qualified,The_East,400,"44,84"
P280551,2016/12/30,2017/2/28,On_Time,Cargo6,Rejected,Malaysia,1,"79,42"
P280616,2016/11/15,2017/2/15,On_Time,Cargo3,Qualified,The_North,1,"11,09"
P280616,2016/11/15,2017/2/15,On_Time,Cargo3,Qualified,The_North,1,"22,57"
P280643,2016/11/15,2017/2/15,On_Time,Cargo2,Qualified,The_East,10,"10,09"
P280643,2016/11/15,2017/2/15,On_Time,Cargo2,Qualified,The_East,10,"12,61"
P280755,2016/11/15,2017/2/15,On_Time,Cargo6,Rejected,Malaysia,20,"27,74"
P280755,2016/11/15,2017/2/15,On_Time,Cargo6,Rejected,Malaysia,20,"27,74"
P281788,2016/12/30,2017/2/28,On_Time,Cargo4,Callback,The_Northwest,1000,"432,44"
P281788,2016/12/30,2017/2/28,On_Time,Cargo4,Callback,The_Northwest,20,"5,04"
P281886,2016/12/30,2017/2/28,On_Time,Cargo5,Qualified,Thailand,60,"191,36"
P282490,2016/12/30,2017/2/28,On_Time,Cargo2,Callback,The_East,11500,"8109,03"
P283061,2016/11/15,2017/2/15,On_Time,Cargo2,Qualified,The_East,2,"401,38"
P283087,2016/11/15,2017/2/15,Late,Cargo4,Callback,The_Northwest,1,"813,40"
P283088,2016/12/30,2017/2/28,On_Time,Cargo2,Qualified,The_East,1,"738,65"
P283143,2016/12/15,2017/3/15,On_Time,Cargo6,Qualified,Malaysia,1,"17,42"
P283176,2016/12/30,2017/2/28,On_Time,Cargo6,Qualified,Malaysia,1,"2121,25"
P283614,2016/11/7,2017/2/7,Late,Cargo3,Qualified,The_North,1,"323,45"
P283645,2016/12/30,2017/2/28,On_Time,Cargo4,Qualified,The_Northwest,2,"275,71"
P283645,2016/12/30,2017/2/28,On_Time,Cargo4,Qualified,The_Northwest,2,"275,71"
P283682,2016/11/15,2017/2/15,On_Time,Cargo2,Callback,The_East,12,"98,65"
P283682,2016/11/15,2017/2/15,On_Time,Cargo2,Callback,The_East,7,"3,81"
P283742,2016/11/15,2017/2/15,On_Time,Cargo2,Qualified,The_East,2,"4,17"
P283742,2016/11/15,2017/2/15,On_Time,Cargo2,Qualified,The_East,2,"4,17"
P284413,2016/11/15,2017/2/15,On_Time,Cargo2,Rejected,The_East,1,"96,10"
P284435,2016/12/29,2017/2/28,On_Time,Cargo4,Qualified,The_Northwest,8,"429,65"
P284435,2016/12/29,2017/2/28,On_Time,Cargo4,Qualified,The_Northwest,1,"6,32"
P284597,2016/11/20,2017/2/20,Late,Cargo2,Qualified,The_East,2,"223,17"
P284628,2016/11/15,2017/2/15,Late,Cargo6,Qualified,Malaysia,1,"1388,02"
P285361,2016/12/5,2017/3/5,On_Time,Cargo5,Qualified,Thailand,6,"119,31"
P285366,2016/12/15,2017/3/15,On_Time,Cargo3,Qualified,The_North,300,"273,73"
P285384,2016/11/15,2017/2/15,Late,Cargo5,Qualified,Thailand,1,"340,70"
P285393,2016/12/9,2017/3/9,On_Time,Cargo2,Rejected,The_East,2,"1,48"
P286525,2016/12/15,2017/3/15,On_Time,Cargo4,Qualified,The_Northwest,1,"731,74"
P286535,2016/11/15,2017/2/15,On_Time,Cargo6,Qualified,Malaysia,1,"10,09"
P286572,2016/12/30,2017/2/28,On_Time,Cargo6,Qualified,Malaysia,798,"1315,75"
P286572,2016/12/30,2017/2/28,On_Time,Cargo6,Qualified,Malaysia,12,"13,27"
P286609,2016/11/15,2017/2/15,On_Time,Cargo3,Callback,The_North,2,"107,78"
P287430,2016/12/20,2017/3/20,On_Time,Cargo2,Qualified,The_East,1,"457,37"
P287430,2016/12/20,2017/3/20,On_Time,Cargo2,Qualified,The_East,1,"457,37"
P287440,2016/12/15,2017/3/15,On_Time,Cargo2,Qualified,The_East,1,"53,61"
P287556,2016/12/30,2017/2/28,On_Time,Cargo2,Qualified,The_East,1,"1945,87"
P287666,2016/11/15,2017/2/15,Late,Cargo6,Qualified,Malaysia,2,"1208,86"
P287684,2016/11/20,2017/2/20,On_Time,Cargo2,Qualified,The_East,2,"2095,33"
P288561,2016/11/15,2017/2/15,On_Time,Cargo2,Qualified,The_East,2,"201,59"
P289277,2016/11/15,2017/2/15,On_Time,Cargo6,Rejected,Malaysia,1,"75,44"
P290202,2016/12/25,2017/2/25,On_Time,Cargo3,Callback,The_North,1,"55,11"
P290202,2016/12/25,2017/2/25,On_Time,Cargo3,Callback,The_North,1,"55,11"
P290211,2016/12/30,2017/2/28,On_Time,Cargo5,Qualified,Thailand,1,"23,30"
P290211,2016/12/30,2017/2/28,On_Time,Cargo5,Qualified,Thailand,1,"169,47"
P290256,2016/12/30,2017/2/28,On_Time,Cargo5,Qualified,Thailand,1,"223,38"
P290256,2016/12/30,2017/2/28,On_Time,Cargo5,Qualified,Thailand,1,"305,68"
P290265,2016/12/8,2017/3/8,On_Time,Cargo2,Callback,The_East,1,"3014,56"
P290265,2016/12/8,2017/3/8,On_Time,Cargo2,Callback,The_East,1,"628,03"
P290801,2016/11/20,2017/2/20,Late,Cargo3,Qualified,The_North,2,"128,32"
P290822,2016/11/21,2017/2/21,On_Time,Cargo2,Qualified,The_East,2,"120,20"
P290916,2016/12/30,2017/2/28,On_Time,Cargo6,Qualified,Malaysia,3,"5,23"
P290916,2016/12/30,2017/2/28,On_Time,Cargo6,Qualified,Malaysia,3,"4,52"
P291696,2016/12/21,2017/3/21,Late,Cargo3,Qualified,The_North,1,"21,19"
P291703,2016/12/30,2017/2/28,On_Time,Cargo6,Rejected,Malaysia,1254,"73,15"
P291832,2016/12/30,2017/2/28,On_Time,Cargo5,Qualified,Thailand,1,"154,49"
P292669,2016/12/30,2017/2/28,On_Time,Cargo2,Qualified,The_East,1,"890,61"
P293768,2016/12/30,2017/2/28,On_Time,Cargo2,Qualified,The_East,1,"294,87"
P296487,2016/11/1,2017/2/1,Late,Cargo6,Qualified,Malaysia,1,"2178,60"
P296511,2016/12/29,2017/2/28,On_Time,Cargo6,Qualified,Malaysia,1,"22,97"
P297500,2016/12/9,2017/3/9,On_Time,Cargo3,Qualified,The_North,1,"533,97"
P297641,2016/12/15,2017/3/15,On_Time,Cargo6,Qualified,Malaysia,1,"44,59"
P299789,2016/12/14,2017/3/14,On_Time,Cargo2,Qualified,The_East,1,"26,05"
P299791,2016/12/9,2017/3/9,On_Time,Cargo2,Qualified,The_East,3,"297,44"
P299901,2016/12/15,2017/3/15,On_Time,Cargo6,Qualified,Malaysia,2,"200,41"
P302956,2016/12/22,2017/3/22,On_Time,Cargo2,Rejected,The_East,20,"79,44"
P303801,2016/12/15,2017/3/15,On_Time,Cargo2,Qualified,The_East,1,"194,08"
P307276,2016/12/22,2017/3/22,On_Time,Cargo6,Qualified,Malaysia,1,"32,18"
P314165,2016/12/20,2017/3/20,On_Time,Cargo2,Qualified,The_East,1,"1720,92"
